filename,object_location,image_small,image_thumb
01_jrwa_logo_white.png,/objects/01_jrwa_logo_white.png,/objects/small/01_jrwa_logo_white_sm.jpg,/objects/thumbs/01_jrwa_logo_white_th.jpg
02pu71_hab_rest_1389198175712_9186219228.pdf,/objects/02pu71_hab_rest_1389198175712_9186219228.pdf,/objects/small/02pu71_hab_rest_1389198175712_9186219228_sm.jpg,/objects/thumbs/02pu71_hab_rest_1389198175712_9186219228_th.jpg
03pu02_hab_rest_1389199209847_9186219228.pdf,/objects/03pu02_hab_rest_1389199209847_9186219228.pdf,/objects/small/03pu02_hab_rest_1389199209847_9186219228_sm.jpg,/objects/thumbs/03pu02_hab_rest_1389199209847_9186219228_th.jpg
06pun01_gravel_1389624587961_9620131597.pdf,/objects/06pun01_gravel_1389624587961_9620131597.pdf,/objects/small/06pun01_gravel_1389624587961_9620131597_sm.jpg,/objects/thumbs/06pun01_gravel_1389624587961_9620131597_th.jpg
13_jor01_sidech_1406731211794_6730808870.pdf,/objects/13_jor01_sidech_1406731211794_6730808870.pdf,/objects/small/13_jor01_sidech_1406731211794_6730808870_sm.jpg,/objects/thumbs/13_jor01_sidech_1406731211794_6730808870_th.jpg
13_jor02_spawning_1406731054501_6730808870.pdf,/objects/13_jor02_spawning_1406731054501_6730808870.pdf,/objects/small/13_jor02_spawning_1406731054501_6730808870_sm.jpg,/objects/thumbs/13_jor02_spawning_1406731054501_6730808870_th.jpg
1900_1910jrdock.pdf,/objects/1900_1910jrdock.pdf,/objects/small/1900_1910jrdock_sm.jpg,/objects/thumbs/1900_1910jrdock_th.jpg
1901_gdln_commercial_pacific_tele_cable4_3_11.pdf,/objects/1901_gdln_commercial_pacific_tele_cable4_3_11.pdf,/objects/small/1901_gdln_commercial_pacific_tele_cable4_3_11_sm.jpg,/objects/thumbs/1901_gdln_commercial_pacific_tele_cable4_3_11_th.jpg
1904viewjr.jpg,/objects/1904viewjr.jpg,/objects/small/1904viewjr_sm.jpg,/objects/thumbs/1904viewjr_th.jpg
1906_newest_1000_pink_and_4000_sockeye_caught_in_jr_traps_3_3_3.pdf,/objects/1906_newest_1000_pink_and_4000_sockeye_caught_in_jr_traps_3_3_3.pdf,/objects/small/1906_newest_1000_pink_and_4000_sockeye_caught_in_jr_traps_3_3_3_sm.jpg,/objects/thumbs/1906_newest_1000_pink_and_4000_sockeye_caught_in_jr_traps_3_3_3_th.jpg
1908_bndry_p2col4_9_32kacressold_us_by_jr_lumber.pdf,/objects/1908_bndry_p2col4_9_32kacressold_us_by_jr_lumber.pdf,/objects/small/1908_bndry_p2col4_9_32kacressold_us_by_jr_lumber_sm.jpg,/objects/thumbs/1908_bndry_p2col4_9_32kacressold_us_by_jr_lumber_th.jpg
1908_new_west_announcement_of_new_power_plant_at_jr_6_1_3.pdf,/objects/1908_new_west_announcement_of_new_power_plant_at_jr_6_1_3.pdf,/objects/small/1908_new_west_announcement_of_new_power_plant_at_jr_6_1_3_sm.jpg,/objects/thumbs/1908_new_west_announcement_of_new_power_plant_at_jr_6_1_3_th.jpg
1908_weeklyp1col3_4_bcer_power.pdf,/objects/1908_weeklyp1col3_4_bcer_power.pdf,/objects/small/1908_weeklyp1col3_4_bcer_power_sm.jpg,/objects/thumbs/1908_weeklyp1col3_4_bcer_power_th.jpg
1908_wkly_p7col9certificate_of_regjrlumber.pdf,/objects/1908_wkly_p7col9certificate_of_regjrlumber.pdf,/objects/small/1908_wkly_p7col9certificate_of_regjrlumber_sm.jpg,/objects/thumbs/1908_wkly_p7col9certificate_of_regjrlumber_th.jpg
1908nlsndaily_tug_with_a_history.pdf,/objects/1908nlsndaily_tug_with_a_history.pdf,/objects/small/1908nlsndaily_tug_with_a_history_sm.jpg,/objects/thumbs/1908nlsndaily_tug_with_a_history_th.jpg
1909_crnbrk_1_5_lumber_dvelopents_transactions.pdf,/objects/1909_crnbrk_1_5_lumber_dvelopents_transactions.pdf,/objects/small/1909_crnbrk_1_5_lumber_dvelopents_transactions_sm.jpg,/objects/thumbs/1909_crnbrk_1_5_lumber_dvelopents_transactions_th.jpg
1909_nlsn_timberlandsold_jr180k6_1.pdf,/objects/1909_nlsn_timberlandsold_jr180k6_1.pdf,/objects/small/1909_nlsn_timberlandsold_jr180k6_1_sm.jpg,/objects/thumbs/1909_nlsn_timberlandsold_jr180k6_1_th.jpg
1909_weekly_1_4_bcer_water_power_proposal.pdf,/objects/1909_weekly_1_4_bcer_water_power_proposal.pdf,/objects/small/1909_weekly_1_4_bcer_water_power_proposal_sm.jpg,/objects/thumbs/1909_weekly_1_4_bcer_water_power_proposal_th.jpg
1909_weekly_bcer_1_3.pdf,/objects/1909_weekly_bcer_1_3.pdf,/objects/small/1909_weekly_bcer_1_3_sm.jpg,/objects/thumbs/1909_weekly_bcer_1_3_th.jpg
1909_weekly_bcer_approved_by_the_city_pp_1and6.pdf,/objects/1909_weekly_bcer_approved_by_the_city_pp_1and6.pdf,/objects/small/1909_weekly_bcer_approved_by_the_city_pp_1and6_sm.jpg,/objects/thumbs/1909_weekly_bcer_approved_by_the_city_pp_1and6_th.jpg
1909_weekly_bcer_p6_3.pdf,/objects/1909_weekly_bcer_p6_3.pdf,/objects/small/1909_weekly_bcer_p6_3_sm.jpg,/objects/thumbs/1909_weekly_bcer_p6_3_th.jpg
1909nelsondaily_bcer_approved5_2.pdf,/objects/1909nelsondaily_bcer_approved5_2.pdf,/objects/small/1909nelsondaily_bcer_approved5_2_sm.jpg,/objects/thumbs/1909nelsondaily_bcer_approved5_2_th.jpg
1909nlsn8_5_10_death_in_pile_driver_accident.pdf,/objects/1909nlsn8_5_10_death_in_pile_driver_accident.pdf,/objects/small/1909nlsn8_5_10_death_in_pile_driver_accident_sm.jpg,/objects/thumbs/1909nlsn8_5_10_death_in_pile_driver_accident_th.jpg
1909weekly_1_2.pdf,/objects/1909weekly_1_2.pdf,/objects/small/1909weekly_1_2_sm.jpg,/objects/thumbs/1909weekly_1_2_th.jpg
1910_bc_timber_profitable_3_1.pdf,/objects/1910_bc_timber_profitable_3_1.pdf,/objects/small/1910_bc_timber_profitable_3_1_sm.jpg,/objects/thumbs/1910_bc_timber_profitable_3_1_th.jpg
1910_bcer_details_1_3_4.pdf,/objects/1910_bcer_details_1_3_4.pdf,/objects/small/1910_bcer_details_1_3_4_sm.jpg,/objects/thumbs/1910_bcer_details_1_3_4_th.jpg
1910_daily_pipe_contract_secured_8_3.pdf,/objects/1910_daily_pipe_contract_secured_8_3.pdf,/objects/small/1910_daily_pipe_contract_secured_8_3_sm.jpg,/objects/thumbs/1910_daily_pipe_contract_secured_8_3_th.jpg
1910_daily_progress_2_1.pdf,/objects/1910_daily_progress_2_1.pdf,/objects/small/1910_daily_progress_2_1_sm.jpg,/objects/thumbs/1910_daily_progress_2_1_th.jpg
1910_the_week_engineer_that_completes_the_dam_21_2_and_19_5_1_0344213.pdf,/objects/1910_the_week_engineer_that_completes_the_dam_21_2_and_19_5_1_0344213.pdf,/objects/small/1910_the_week_engineer_that_completes_the_dam_21_2_and_19_5_1_0344213_sm.jpg,/objects/thumbs/1910_the_week_engineer_that_completes_the_dam_21_2_and_19_5_1_0344213_th.jpg
1911_mineca_1_2_8_foot_vein_of_athracite_coal_discover_jr.pdf,/objects/1911_mineca_1_2_8_foot_vein_of_athracite_coal_discover_jr.pdf,/objects/small/1911_mineca_1_2_8_foot_vein_of_athracite_coal_discover_jr_sm.jpg,/objects/thumbs/1911_mineca_1_2_8_foot_vein_of_athracite_coal_discover_jr_th.jpg
1911_vanbuildrec_bcer-jr_complete_contract_to_build_power.pdf,/objects/1911_vanbuildrec_bcer-jr_complete_contract_to_build_power.pdf,/objects/small/1911_vanbuildrec_bcer-jr_complete_contract_to_build_power_sm.jpg,/objects/thumbs/1911_vanbuildrec_bcer-jr_complete_contract_to_build_power_th.jpg
1911_week.pdf,/objects/1911_week.pdf,/objects/small/1911_week_sm.jpg,/objects/thumbs/1911_week_th.jpg
1911_week_5_5_amendment_to_the_1909_water_act_by_bcer_for_jr_power.pdf,/objects/1911_week_5_5_amendment_to_the_1909_water_act_by_bcer_for_jr_power.pdf,/objects/small/1911_week_5_5_amendment_to_the_1909_water_act_by_bcer_for_jr_power_sm.jpg,/objects/thumbs/1911_week_5_5_amendment_to_the_1909_water_act_by_bcer_for_jr_power_th.jpg
1911rivermouth.jpg,/objects/1911rivermouth.jpg,/objects/small/1911rivermouth_sm.jpg,/objects/thumbs/1911rivermouth_th.jpg
1912_bc_federationist_1_5_6_rhumours_of_bcel_background_of_operations.pdf,/objects/1912_bc_federationist_1_5_6_rhumours_of_bcel_background_of_operations.pdf,/objects/small/1912_bc_federationist_1_5_6_rhumours_of_bcel_background_of_operations_sm.jpg,/objects/thumbs/1912_bc_federationist_1_5_6_rhumours_of_bcel_background_of_operations_th.jpg
1912_building_record_1_2_contract_for_dam_across_jordan _river.pdf,/objects/1912_building_record_1_2_contract_for_dam_across_jordan _river.pdf,/objects/small/1912_building_record_1_2_contract_for_dam_across_jordan _river_sm.jpg,/objects/thumbs/1912_building_record_1_2_contract_for_dam_across_jordan _river_th.jpg
1912_nwdn_3_3_contract_for_earth_damn_in_jr_info_about_size_etc_of_dam.pdf,/objects/1912_nwdn_3_3_contract_for_earth_damn_in_jr_info_about_size_etc_of_dam.pdf,/objects/small/1912_nwdn_3_3_contract_for_earth_damn_in_jr_info_about_size_etc_of_dam_sm.jpg,/objects/thumbs/1912_nwdn_3_3_contract_for_earth_damn_in_jr_info_about_size_etc_of_dam_th.jpg
1912_nwdn_dam_complete_ready_to_produce_power.pdf,/objects/1912_nwdn_dam_complete_ready_to_produce_power.pdf,/objects/small/1912_nwdn_dam_complete_ready_to_produce_power_sm.jpg,/objects/thumbs/1912_nwdn_dam_complete_ready_to_produce_power_th.jpg
1912_week_3_2jrdam_complete.pdf,/objects/1912_week_3_2jrdam_complete.pdf,/objects/small/1912_week_3_2jrdam_complete_sm.jpg,/objects/thumbs/1912_week_3_2jrdam_complete_th.jpg
1912_week_6_1_summary_of_bcel_talks_about_increased_comsumption_in_vic_and_the_doublinfg_production.pdf,/objects/1912_week_6_1_summary_of_bcel_talks_about_increased_comsumption_in_vic_and_the_doublinfg_production.pdf,/objects/small/1912_week_6_1_summary_of_bcel_talks_about_increased_comsumption_in_vic_and_the_doublinfg_production_sm.jpg,/objects/thumbs/1912_week_6_1_summary_of_bcel_talks_about_increased_comsumption_in_vic_and_the_doublinfg_production_th.jpg
1912week_6_1_summary_of_project_and_doubling_of_demand_in_victoria.pdf,/objects/1912week_6_1_summary_of_project_and_doubling_of_demand_in_victoria.pdf,/objects/small/1912week_6_1_summary_of_project_and_doubling_of_demand_in_victoria_sm.jpg,/objects/thumbs/1912week_6_1_summary_of_project_and_doubling_of_demand_in_victoria_th.jpg
1913_1_3_contract_for_steel_pipe_to_add_35k_hp_to_jr_plant.pdf,/objects/1913_1_3_contract_for_steel_pipe_to_add_35k_hp_to_jr_plant.pdf,/objects/small/1913_1_3_contract_for_steel_pipe_to_add_35k_hp_to_jr_plant_sm.jpg,/objects/thumbs/1913_1_3_contract_for_steel_pipe_to_add_35k_hp_to_jr_plant_th.jpg
1913_nwdn_3_3_annual_meeting_of_bcelectric.pdf,/objects/1913_nwdn_3_3_annual_meeting_of_bcelectric.pdf,/objects/small/1913_nwdn_3_3_annual_meeting_of_bcelectric_sm.jpg,/objects/thumbs/1913_nwdn_3_3_annual_meeting_of_bcelectric_th.jpg
1913_nwdn_power_plant_done_in_two_weeks_highest_of_any_in_canada.pdf,/objects/1913_nwdn_power_plant_done_in_two_weeks_highest_of_any_in_canada.pdf,/objects/small/1913_nwdn_power_plant_done_in_two_weeks_highest_of_any_in_canada_sm.jpg,/objects/thumbs/1913_nwdn_power_plant_done_in_two_weeks_highest_of_any_in_canada_th.jpg
1913_week_1_2 _summary_of_jr_infra_in_relation_to_other_power_producers_on_the_island.pdf,/objects/1913_week_1_2 _summary_of_jr_infra_in_relation_to_other_power_producers_on_the_island.pdf,/objects/small/1913_week_1_2 _summary_of_jr_infra_in_relation_to_other_power_producers_on_the_island_sm.jpg,/objects/thumbs/1913_week_1_2 _summary_of_jr_infra_in_relation_to_other_power_producers_on_the_island_th.jpg
1913nwdn_2_3_jr_largest_dam_in_canada_built_and_inspected.pdf,/objects/1913nwdn_2_3_jr_largest_dam_in_canada_built_and_inspected.pdf,/objects/small/1913nwdn_2_3_jr_largest_dam_in_canada_built_and_inspected_sm.jpg,/objects/thumbs/1913nwdn_2_3_jr_largest_dam_in_canada_built_and_inspected_th.jpg
1913nwdn_2_3_start_filling_up_resevoir_for_biggest_dam_in_canada.pdf,/objects/1913nwdn_2_3_start_filling_up_resevoir_for_biggest_dam_in_canada.pdf,/objects/small/1913nwdn_2_3_start_filling_up_resevoir_for_biggest_dam_in_canada_sm.jpg,/objects/thumbs/1913nwdn_2_3_start_filling_up_resevoir_for_biggest_dam_in_canada_th.jpg
1914_cumberland_4_2_best_thing_fed_did_in_1913_was_extend_telgraph_line_to_jr.pdf,/objects/1914_cumberland_4_2_best_thing_fed_did_in_1913_was_extend_telgraph_line_to_jr.pdf,/objects/small/1914_cumberland_4_2_best_thing_fed_did_in_1913_was_extend_telgraph_line_to_jr_sm.jpg,/objects/thumbs/1914_cumberland_4_2_best_thing_fed_did_in_1913_was_extend_telgraph_line_to_jr_th.jpg
1914nwdn_4_3_summary_of_bcel_orginal_plan_and_extensions.pdf,/objects/1914nwdn_4_3_summary_of_bcel_orginal_plan_and_extensions.pdf,/objects/small/1914nwdn_4_3_summary_of_bcel_orginal_plan_and_extensions_sm.jpg,/objects/thumbs/1914nwdn_4_3_summary_of_bcel_orginal_plan_and_extensions_th.jpg
1915_nelsondaily_4_4_history_of_gold_exploration_sooke_to_jr_1864.pdf,/objects/1915_nelsondaily_4_4_history_of_gold_exploration_sooke_to_jr_1864.pdf,/objects/small/1915_nelsondaily_4_4_history_of_gold_exploration_sooke_to_jr_1864_sm.jpg,/objects/thumbs/1915_nelsondaily_4_4_history_of_gold_exploration_sooke_to_jr_1864_th.jpg
1915_xwestcall_4_4_details_about_the_water_powers_of_jordan_river.pdf,/objects/1915_xwestcall_4_4_details_about_the_water_powers_of_jordan_river.pdf,/objects/small/1915_xwestcall_4_4_details_about_the_water_powers_of_jordan_river_sm.jpg,/objects/thumbs/1915_xwestcall_4_4_details_about_the_water_powers_of_jordan_river_th.jpg
1916_ledge_1_5_copper_discovered_in_jordan_river.pdf,/objects/1916_ledge_1_5_copper_discovered_in_jordan_river.pdf,/objects/small/1916_ledge_1_5_copper_discovered_in_jordan_river_sm.jpg,/objects/thumbs/1916_ledge_1_5_copper_discovered_in_jordan_river_th.jpg
1916_nelsondaily_6_2_feature_article_on_tracts_of_land_for_loggin.pdf,/objects/1916_nelsondaily_6_2_feature_article_on_tracts_of_land_for_loggin.pdf,/objects/small/1916_nelsondaily_6_2_feature_article_on_tracts_of_land_for_loggin_sm.jpg,/objects/thumbs/1916_nelsondaily_6_2_feature_article_on_tracts_of_land_for_loggin_th.jpg
1917_week_1_3_bc_electric_to_sell_its_holdings_to_bc_and_municip_govts.pdf,/objects/1917_week_1_3_bc_electric_to_sell_its_holdings_to_bc_and_municip_govts.pdf,/objects/small/1917_week_1_3_bc_electric_to_sell_its_holdings_to_bc_and_municip_govts_sm.jpg,/objects/thumbs/1917_week_1_3_bc_electric_to_sell_its_holdings_to_bc_and_municip_govts_th.jpg
1917boomingarea.jpg,/objects/1917boomingarea.jpg,/objects/small/1917boomingarea_sm.jpg,/objects/thumbs/1917boomingarea_th.jpg
"1918_bcrecord_750,000_4_2_timber_license_deal.pdf","/objects/1918_bcrecord_750,000_4_2_timber_license_deal.pdf","/objects/small/1918_bcrecord_750,000_4_2_timber_license_deal_sm.jpg","/objects/thumbs/1918_bcrecord_750,000_4_2_timber_license_deal_th.jpg"
1918_ledge_1_6_ore_shipped_from_jr_to_tacoma_or_ladysmith_as_much_as_3_copper.pdf,/objects/1918_ledge_1_6_ore_shipped_from_jr_to_tacoma_or_ladysmith_as_much_as_3_copper.pdf,/objects/small/1918_ledge_1_6_ore_shipped_from_jr_to_tacoma_or_ladysmith_as_much_as_3_copper_sm.jpg,/objects/thumbs/1918_ledge_1_6_ore_shipped_from_jr_to_tacoma_or_ladysmith_as_much_as_3_copper_th.jpg
1918_xbcrecord_2_3_sunlock_mines_up_and_running_and_doing_well.pdf,/objects/1918_xbcrecord_2_3_sunlock_mines_up_and_running_and_doing_well.pdf,/objects/small/1918_xbcrecord_2_3_sunlock_mines_up_and_running_and_doing_well_sm.jpg,/objects/thumbs/1918_xbcrecord_2_3_sunlock_mines_up_and_running_and_doing_well_th.jpg
1919_ledge_1_6_sunloch_mines_diamond_drilling_rh_stewart_of_vancouver_formerly_trail_in_charge.pdf,/objects/1919_ledge_1_6_sunloch_mines_diamond_drilling_rh_stewart_of_vancouver_formerly_trail_in_charge.pdf,/objects/small/1919_ledge_1_6_sunloch_mines_diamond_drilling_rh_stewart_of_vancouver_formerly_trail_in_charge_sm.jpg,/objects/thumbs/1919_ledge_1_6_sunloch_mines_diamond_drilling_rh_stewart_of_vancouver_formerly_trail_in_charge_th.jpg
1919mandrillingrock.png,/objects/1919mandrillingrock.png,/objects/small/1919mandrillingrock_sm.jpg,/objects/thumbs/1919mandrillingrock_th.jpg
1920_bc_fed_3_1_info_on_new_bunks_built_in_jr.pdf,/objects/1920_bc_fed_3_1_info_on_new_bunks_built_in_jr.pdf,/objects/small/1920_bc_fed_3_1_info_on_new_bunks_built_in_jr_sm.jpg,/objects/thumbs/1920_bc_fed_3_1_info_on_new_bunks_built_in_jr_th.jpg
1920_bcfed_3_1_major_complaints_about_jr_camp_and_description_of_shitty_work.pdf,/objects/1920_bcfed_3_1_major_complaints_about_jr_camp_and_description_of_shitty_work.pdf,/objects/small/1920_bcfed_3_1_major_complaints_about_jr_camp_and_description_of_shitty_work_sm.jpg,/objects/thumbs/1920_bcfed_3_1_major_complaints_about_jr_camp_and_description_of_shitty_work_th.jpg
1920_bcfed_3_1_point_no_point_camp_describes_only_reachable_by_coach_and_poor_conditions_at_the_camp_boss_anti_union.pdf,/objects/1920_bcfed_3_1_point_no_point_camp_describes_only_reachable_by_coach_and_poor_conditions_at_the_camp_boss_anti_union.pdf,/objects/small/1920_bcfed_3_1_point_no_point_camp_describes_only_reachable_by_coach_and_poor_conditions_at_the_camp_boss_anti_union_sm.jpg,/objects/thumbs/1920_bcfed_3_1_point_no_point_camp_describes_only_reachable_by_coach_and_poor_conditions_at_the_camp_boss_anti_union_th.jpg
1920_bcfed_3_3_camp_defending_it_operation_and_the_work_done.pdf,/objects/1920_bcfed_3_3_camp_defending_it_operation_and_the_work_done.pdf,/objects/small/1920_bcfed_3_3_camp_defending_it_operation_and_the_work_done_sm.jpg,/objects/thumbs/1920_bcfed_3_3_camp_defending_it_operation_and_the_work_done_th.jpg
1920_bcfed_3_3_mroe_drama_abotu_jr_camp_tied_into_lwiu_union_disputes_of_1919_22.pdf,/objects/1920_bcfed_3_3_mroe_drama_abotu_jr_camp_tied_into_lwiu_union_disputes_of_1919_22.pdf,/objects/small/1920_bcfed_3_3_mroe_drama_abotu_jr_camp_tied_into_lwiu_union_disputes_of_1919_22_sm.jpg,/objects/thumbs/1920_bcfed_3_3_mroe_drama_abotu_jr_camp_tied_into_lwiu_union_disputes_of_1919_22_th.jpg
1920_cumberland_2_4_cmands_seriously_interested_in_building_a_smelter_in_jr.pdf,/objects/1920_cumberland_2_4_cmands_seriously_interested_in_building_a_smelter_in_jr.pdf,/objects/small/1920_cumberland_2_4_cmands_seriously_interested_in_building_a_smelter_in_jr_sm.jpg,/objects/thumbs/1920_cumberland_2_4_cmands_seriously_interested_in_building_a_smelter_in_jr_th.jpg
1920_dailycolonist_62y192uvic_0012_jordan_river_copper_mines_make_progress.jpg,/objects/1920_dailycolonist_62y192uvic_0012_jordan_river_copper_mines_make_progress.jpg,/objects/small/1920_dailycolonist_62y192uvic_0012_jordan_river_copper_mines_make_progress_sm.jpg,/objects/thumbs/1920_dailycolonist_62y192uvic_0012_jordan_river_copper_mines_make_progress_th.jpg
1920_lede_4_2_new_smelter_to_be_built_on_vi_to_support_two_mines_one_jr_sunloch.pdf,/objects/1920_lede_4_2_new_smelter_to_be_built_on_vi_to_support_two_mines_one_jr_sunloch.pdf,/objects/small/1920_lede_4_2_new_smelter_to_be_built_on_vi_to_support_two_mines_one_jr_sunloch_sm.jpg,/objects/thumbs/1920_lede_4_2_new_smelter_to_be_built_on_vi_to_support_two_mines_one_jr_sunloch_th.jpg
1920_ledge_1_5_sunlock_consolidated_with_mining_and_smelting_company_of_trail.pdf,/objects/1920_ledge_1_5_sunlock_consolidated_with_mining_and_smelting_company_of_trail.pdf,/objects/small/1920_ledge_1_5_sunlock_consolidated_with_mining_and_smelting_company_of_trail_sm.jpg,/objects/thumbs/1920_ledge_1_5_sunlock_consolidated_with_mining_and_smelting_company_of_trail_th.jpg
1920_reports.7z,/objects/1920_reports.7z,,
1920jrsunlockmines.jpg,/objects/1920jrsunlockmines.jpg,/objects/small/1920jrsunlockmines_sm.jpg,/objects/thumbs/1920jrsunlockmines_th.jpg
1920nelsondaily_6_5_controlling_interest_of_sunloch_and_ok_ore_found_that_would_need_a_processing_machine_500_tonnes_to_extract.pdf,/objects/1920nelsondaily_6_5_controlling_interest_of_sunloch_and_ok_ore_found_that_would_need_a_processing_machine_500_tonnes_to_extract.pdf,/objects/small/1920nelsondaily_6_5_controlling_interest_of_sunloch_and_ok_ore_found_that_would_need_a_processing_machine_500_tonnes_to_extract_sm.jpg,/objects/thumbs/1920nelsondaily_6_5_controlling_interest_of_sunloch_and_ok_ore_found_that_would_need_a_processing_machine_500_tonnes_to_extract_th.jpg
1920powerhousejr.jpg,/objects/1920powerhousejr.jpg,/objects/small/1920powerhousejr_sm.jpg,/objects/thumbs/1920powerhousejr_th.jpg
1920railcar.jpg,/objects/1920railcar.jpg,/objects/small/1920railcar_sm.jpg,/objects/thumbs/1920railcar_th.jpg
1922_cranherald_1_1_confirm_cmands_plans_to_build_500_ton_mill_at_sunloch_mine_jr.pdf,/objects/1922_cranherald_1_1_confirm_cmands_plans_to_build_500_ton_mill_at_sunloch_mine_jr.pdf,/objects/small/1922_cranherald_1_1_confirm_cmands_plans_to_build_500_ton_mill_at_sunloch_mine_jr_sm.jpg,/objects/thumbs/1922_cranherald_1_1_confirm_cmands_plans_to_build_500_ton_mill_at_sunloch_mine_jr_th.jpg
1923_abpost_3_4_resolution_to_build_23_mile_highway_bt_pr_and_jr.pdf,/objects/1923_abpost_3_4_resolution_to_build_23_mile_highway_bt_pr_and_jr.pdf,/objects/small/1923_abpost_3_4_resolution_to_build_23_mile_highway_bt_pr_and_jr_sm.jpg,/objects/thumbs/1923_abpost_3_4_resolution_to_build_23_mile_highway_bt_pr_and_jr_th.jpg
1926jrpowerhouse.jpg,/objects/1926jrpowerhouse.jpg,/objects/small/1926jrpowerhouse_sm.jpg,/objects/thumbs/1926jrpowerhouse_th.jpg
1927_nelsondaily_3_1_confirmation_of_jr_to_pr_road_to_be_built_500.pdf,/objects/1927_nelsondaily_3_1_confirmation_of_jr_to_pr_road_to_be_built_500.pdf,/objects/small/1927_nelsondaily_3_1_confirmation_of_jr_to_pr_road_to_be_built_500_sm.jpg,/objects/thumbs/1927_nelsondaily_3_1_confirmation_of_jr_to_pr_road_to_be_built_500_th.jpg
1927_nelsondaily_jordan_river_quintet_bball_wins.pdf,/objects/1927_nelsondaily_jordan_river_quintet_bball_wins.pdf,/objects/small/1927_nelsondaily_jordan_river_quintet_bball_wins_sm.jpg,/objects/thumbs/1927_nelsondaily_jordan_river_quintet_bball_wins_th.jpg
1928_grandforks_3_4_highway_report_sooke_to_jr_road_fair.pdf,/objects/1928_grandforks_3_4_highway_report_sooke_to_jr_road_fair.pdf,/objects/small/1928_grandforks_3_4_highway_report_sooke_to_jr_road_fair_sm.jpg,/objects/thumbs/1928_grandforks_3_4_highway_report_sooke_to_jr_road_fair_th.jpg
1928_nelsondaily_10_4_bcel_to_add_2000_hp_to_jr.pdf,/objects/1928_nelsondaily_10_4_bcel_to_add_2000_hp_to_jr.pdf,/objects/small/1928_nelsondaily_10_4_bcel_to_add_2000_hp_to_jr_sm.jpg,/objects/thumbs/1928_nelsondaily_10_4_bcel_to_add_2000_hp_to_jr_th.jpg
1928_nelsondaily_2_2_chinese drowneed_in_boom_at_jr.pdf,/objects/1928_nelsondaily_2_2_chinese drowneed_in_boom_at_jr.pdf,/objects/small/1928_nelsondaily_2_2_chinese drowneed_in_boom_at_jr_sm.jpg,/objects/thumbs/1928_nelsondaily_2_2_chinese drowneed_in_boom_at_jr_th.jpg
1928_nelsondaily_2_5_logger_find_huge_whale_fossils.pdf,/objects/1928_nelsondaily_2_5_logger_find_huge_whale_fossils.pdf,/objects/small/1928_nelsondaily_2_5_logger_find_huge_whale_fossils_sm.jpg,/objects/thumbs/1928_nelsondaily_2_5_logger_find_huge_whale_fossils_th.jpg
1928_nelsondaily_7_3_jr_defeated_by_university_team.pdf,/objects/1928_nelsondaily_7_3_jr_defeated_by_university_team.pdf,/objects/small/1928_nelsondaily_7_3_jr_defeated_by_university_team_sm.jpg,/objects/thumbs/1928_nelsondaily_7_3_jr_defeated_by_university_team_th.jpg
1928_nelsondaily_7_5_jordan_river_island_winners.pdf,/objects/1928_nelsondaily_7_5_jordan_river_island_winners.pdf,/objects/small/1928_nelsondaily_7_5_jordan_river_island_winners_sm.jpg,/objects/thumbs/1928_nelsondaily_7_5_jordan_river_island_winners_th.jpg
1929_cumberland_1_3_feature_about_bcel_infrastructure_for_van_borad_of_trade_lots_of_info.pdf,/objects/1929_cumberland_1_3_feature_about_bcel_infrastructure_for_van_borad_of_trade_lots_of_info.pdf,/objects/small/1929_cumberland_1_3_feature_about_bcel_infrastructure_for_van_borad_of_trade_lots_of_info_sm.jpg,/objects/thumbs/1929_cumberland_1_3_feature_about_bcel_infrastructure_for_van_borad_of_trade_lots_of_info_th.jpg
1929_cumberlandis_1_3_exmaining_jr_for_potential_development.pdf,/objects/1929_cumberlandis_1_3_exmaining_jr_for_potential_development.pdf,/objects/small/1929_cumberlandis_1_3_exmaining_jr_for_potential_development_sm.jpg,/objects/thumbs/1929_cumberlandis_1_3_exmaining_jr_for_potential_development_th.jpg
1929_nelsondail_little_prospecting_done_but_no_new_ore_foudn.pdf,/objects/1929_nelsondail_little_prospecting_done_but_no_new_ore_foudn.pdf,/objects/small/1929_nelsondail_little_prospecting_done_but_no_new_ore_foudn_sm.jpg,/objects/thumbs/1929_nelsondail_little_prospecting_done_but_no_new_ore_foudn_th.jpg
1929_nelsondaily_1_6_gobbro_copper_mine_in_jr_and_large_mill_to_be_built.pdf,/objects/1929_nelsondaily_1_6_gobbro_copper_mine_in_jr_and_large_mill_to_be_built.pdf,/objects/small/1929_nelsondaily_1_6_gobbro_copper_mine_in_jr_and_large_mill_to_be_built_sm.jpg,/objects/thumbs/1929_nelsondaily_1_6_gobbro_copper_mine_in_jr_and_large_mill_to_be_built_th.jpg
1930sjordanriveranddam.jpg,/objects/1930sjordanriveranddam.jpg,/objects/small/1930sjordanriveranddam_sm.jpg,/objects/thumbs/1930sjordanriveranddam_th.jpg
1932_nelsondaily_1_3_somebody_died_in_jr_working_for_mulligan_lumber_company.pdf,/objects/1932_nelsondaily_1_3_somebody_died_in_jr_working_for_mulligan_lumber_company.pdf,/objects/small/1932_nelsondaily_1_3_somebody_died_in_jr_working_for_mulligan_lumber_company_sm.jpg,/objects/thumbs/1932_nelsondaily_1_3_somebody_died_in_jr_working_for_mulligan_lumber_company_th.jpg
1933_nelsondaily_2_5_plan_to_extend_trail_from_jr_to_pr_underway.pdf,/objects/1933_nelsondaily_2_5_plan_to_extend_trail_from_jr_to_pr_underway.pdf,/objects/small/1933_nelsondaily_2_5_plan_to_extend_trail_from_jr_to_pr_underway_sm.jpg,/objects/thumbs/1933_nelsondaily_2_5_plan_to_extend_trail_from_jr_to_pr_underway_th.jpg
1936_nelsondaily_1_7_jr_to_victoria_part_of_the_big_road_tweaking_program.pdf,/objects/1936_nelsondaily_1_7_jr_to_victoria_part_of_the_big_road_tweaking_program.pdf,/objects/small/1936_nelsondaily_1_7_jr_to_victoria_part_of_the_big_road_tweaking_program_sm.jpg,/objects/thumbs/1936_nelsondaily_1_7_jr_to_victoria_part_of_the_big_road_tweaking_program_th.jpg
1937_nelsondaily_1_7_timber_license_auctioned_in_jordan_river.pdf,/objects/1937_nelsondaily_1_7_timber_license_auctioned_in_jordan_river.pdf,/objects/small/1937_nelsondaily_1_7_timber_license_auctioned_in_jordan_river_sm.jpg,/objects/thumbs/1937_nelsondaily_1_7_timber_license_auctioned_in_jordan_river_th.jpg
1945_48jrcommunityhall.jpg,/objects/1945_48jrcommunityhall.jpg,/objects/small/1945_48jrcommunityhall_sm.jpg,/objects/thumbs/1945_48jrcommunityhall_th.jpg
1950_reports.7z,/objects/1950_reports.7z,,
1950slogbooming.jpg,/objects/1950slogbooming.jpg,/objects/small/1950slogbooming_sm.jpg,/objects/thumbs/1950slogbooming_th.jpg
1960_coast_news_4_1_story_of_logger_useful_as_it_offers_the_companies_they_worked_for_in_early_days.pdf,/objects/1960_coast_news_4_1_story_of_logger_useful_as_it_offers_the_companies_they_worked_for_in_early_days.pdf,/objects/small/1960_coast_news_4_1_story_of_logger_useful_as_it_offers_the_companies_they_worked_for_in_early_days_sm.jpg,/objects/thumbs/1960_coast_news_4_1_story_of_logger_useful_as_it_offers_the_companies_they_worked_for_in_early_days_th.jpg
1960_reports.7z,/objects/1960_reports.7z,,
1961_coastnews_12_1_handover_of_jr_water_power_from_bce_to_bch.pdf,/objects/1961_coastnews_12_1_handover_of_jr_water_power_from_bce_to_bch.pdf,/objects/small/1961_coastnews_12_1_handover_of_jr_water_power_from_bce_to_bch_sm.jpg,/objects/thumbs/1961_coastnews_12_1_handover_of_jr_water_power_from_bce_to_bch_th.jpg
1962_07_28_0005_daily_colonist_islander_never_gave_up_jordan_river_mill_buried_with_mine.pdf,/objects/1962_07_28_0005_daily_colonist_islander_never_gave_up_jordan_river_mill_buried_with_mine.pdf,/objects/small/1962_07_28_0005_daily_colonist_islander_never_gave_up_jordan_river_mill_buried_with_mine_sm.jpg,/objects/thumbs/1962_07_28_0005_daily_colonist_islander_never_gave_up_jordan_river_mill_buried_with_mine_th.jpg
1963_12_07_0034_daily_colonist_river_bed_collapses_mine_closed.jpg,/objects/1963_12_07_0034_daily_colonist_river_bed_collapses_mine_closed.jpg,/objects/small/1963_12_07_0034_daily_colonist_river_bed_collapses_mine_closed_sm.jpg,/objects/thumbs/1963_12_07_0034_daily_colonist_river_bed_collapses_mine_closed_th.jpg
1963_report_on_sunro_mine_economics.pdf,/objects/1963_report_on_sunro_mine_economics.pdf,/objects/small/1963_report_on_sunro_mine_economics_sm.jpg,/objects/thumbs/1963_report_on_sunro_mine_economics_th.jpg
1964_01_09_0038_daily_colonist_maverick_river_adds_to_island_mine_woe.jpg,/objects/1964_01_09_0038_daily_colonist_maverick_river_adds_to_island_mine_woe.jpg,/objects/small/1964_01_09_0038_daily_colonist_maverick_river_adds_to_island_mine_woe_sm.jpg,/objects/thumbs/1964_01_09_0038_daily_colonist_maverick_river_adds_to_island_mine_woe_th.jpg
1967_04_18_0008_daily_colonist_macdonald_report_to_share_holders.jpg,/objects/1967_04_18_0008_daily_colonist_macdonald_report_to_share_holders.jpg,/objects/small/1967_04_18_0008_daily_colonist_macdonald_report_to_share_holders_sm.jpg,/objects/thumbs/1967_04_18_0008_daily_colonist_macdonald_report_to_share_holders_th.jpg
1968_12_04_0049_daily_colonist_multi_million_bid_wins_jordan_job_bc_hydro_tunnel.jpg,/objects/1968_12_04_0049_daily_colonist_multi_million_bid_wins_jordan_job_bc_hydro_tunnel.jpg,/objects/small/1968_12_04_0049_daily_colonist_multi_million_bid_wins_jordan_job_bc_hydro_tunnel_sm.jpg,/objects/thumbs/1968_12_04_0049_daily_colonist_multi_million_bid_wins_jordan_job_bc_hydro_tunnel_th.jpg
1969_01_18_0008_daily_colonist_cowichan_copper_delisted_mine_story_ending.jpg,/objects/1969_01_18_0008_daily_colonist_cowichan_copper_delisted_mine_story_ending.jpg,/objects/small/1969_01_18_0008_daily_colonist_cowichan_copper_delisted_mine_story_ending_sm.jpg,/objects/thumbs/1969_01_18_0008_daily_colonist_cowichan_copper_delisted_mine_story_ending_th.jpg
1970_reports.7z,/objects/1970_reports.7z,,
1971_03_03_0016.jpg,/objects/1971_03_03_0016.jpg,/objects/small/1971_03_03_0016_sm.jpg,/objects/thumbs/1971_03_03_0016_th.jpg
1971_03_16_0029.jpg,/objects/1971_03_16_0029.jpg,/objects/small/1971_03_16_0029_sm.jpg,/objects/thumbs/1971_03_16_0029_th.jpg
1971_06_27_0012.jpg,/objects/1971_06_27_0012.jpg,/objects/small/1971_06_27_0012_sm.jpg,/objects/thumbs/1971_06_27_0012_th.jpg
1973_03_02_0016.jpg,/objects/1973_03_02_0016.jpg,/objects/small/1973_03_02_0016_sm.jpg,/objects/thumbs/1973_03_02_0016_th.jpg
1974_06_23_0025.jpg,/objects/1974_06_23_0025.jpg,/objects/small/1974_06_23_0025_sm.jpg,/objects/thumbs/1974_06_23_0025_th.jpg
1974_12_06_0019_2.jpg,/objects/1974_12_06_0019_2.jpg,/objects/small/1974_12_06_0019_2_sm.jpg,/objects/thumbs/1974_12_06_0019_2_th.jpg
1974_12_06_0050.jpg,/objects/1974_12_06_0050.jpg,/objects/small/1974_12_06_0050_sm.jpg,/objects/thumbs/1974_12_06_0050_th.jpg
1974_12_14_0046.jpg,/objects/1974_12_14_0046.jpg,/objects/small/1974_12_14_0046_sm.jpg,/objects/thumbs/1974_12_14_0046_th.jpg
1974minewastedumpandpond.pdf,/objects/1974minewastedumpandpond.pdf,/objects/small/1974minewastedumpandpond_sm.jpg,/objects/thumbs/1974minewastedumpandpond_th.jpg
1975_vancouver_jan_4_save_estuaries_and_you_save_people_from_starving.pdf,/objects/1975_vancouver_jan_4_save_estuaries_and_you_save_people_from_starving.pdf,/objects/small/1975_vancouver_jan_4_save_estuaries_and_you_save_people_from_starving_sm.jpg,/objects/thumbs/1975_vancouver_jan_4_save_estuaries_and_you_save_people_from_starving_th.jpg
1978_sunishine_coastnews_1-4_bchydro_hearing_for_using_24d_chemical_to_spray_right_away.pdf,/objects/1978_sunishine_coastnews_1-4_bchydro_hearing_for_using_24d_chemical_to_spray_right_away.pdf,/objects/small/1978_sunishine_coastnews_1-4_bchydro_hearing_for_using_24d_chemical_to_spray_right_away_sm.jpg,/objects/thumbs/1978_sunishine_coastnews_1-4_bchydro_hearing_for_using_24d_chemical_to_spray_right_away_th.jpg
1980_sunchine_coast_23_3_hydro_employee_charged_for_misleading)_the_public_about_pesticide_control_act_sparying_bt_ jr_and_sooke.pdf,/objects/1980_sunchine_coast_23_3_hydro_employee_charged_for_misleading)_the_public_about_pesticide_control_act_sparying_bt_ jr_and_sooke.pdf,/objects/small/1980_sunchine_coast_23_3_hydro_employee_charged_for_misleading)_the_public_about_pesticide_control_act_sparying_bt_ jr_and_sooke_sm.jpg,/objects/thumbs/1980_sunchine_coast_23_3_hydro_employee_charged_for_misleading)_the_public_about_pesticide_control_act_sparying_bt_ jr_and_sooke_th.jpg
1983ethnobotany_nancyturner.pdf,/objects/1983ethnobotany_nancyturner.pdf,/objects/small/1983ethnobotany_nancyturner_sm.jpg,/objects/thumbs/1983ethnobotany_nancyturner_th.jpg
1_tunnels.7z,/objects/1_tunnels.7z,,
2001jordanriverhistoricalsalmonidsurvey.pdf,/objects/2001jordanriverhistoricalsalmonidsurvey.pdf,/objects/small/2001jordanriverhistoricalsalmonidsurvey_sm.jpg,/objects/thumbs/2001jordanriverhistoricalsalmonidsurvey_th.jpg
2006_pmflc_auditreport_final.pdf,/objects/2006_pmflc_auditreport_final.pdf,/objects/small/2006_pmflc_auditreport_final_sm.jpg,/objects/thumbs/2006_pmflc_auditreport_final_th.jpg
2017pacheedahttraditionaluseandoccupancystudyreport.pdf,/objects/2017pacheedahttraditionaluseandoccupancystudyreport.pdf,/objects/small/2017pacheedahttraditionaluseandoccupancystudyreport_sm.jpg,/objects/thumbs/2017pacheedahttraditionaluseandoccupancystudyreport_th.jpg
2017wfa003a.pdf,/objects/2017wfa003a.pdf,/objects/small/2017wfa003a_sm.jpg,/objects/thumbs/2017wfa003a_th.jpg
2019_jan_env_sunro_semi_annual_report_update.pdf,/objects/2019_jan_env_sunro_semi_annual_report_update.pdf,/objects/small/2019_jan_env_sunro_semi_annual_report_update_sm.jpg,/objects/thumbs/2019_jan_env_sunro_semi_annual_report_update_th.jpg
2020_01_15_env_sunro_semi_annual_report_update.pdf,/objects/2020_01_15_env_sunro_semi_annual_report_update.pdf,/objects/small/2020_01_15_env_sunro_semi_annual_report_update_sm.jpg,/objects/thumbs/2020_01_15_env_sunro_semi_annual_report_update_th.jpg
2020_10_22_sunro_final_handout1.pdf,/objects/2020_10_22_sunro_final_handout1.pdf,/objects/small/2020_10_22_sunro_final_handout1_sm.jpg,/objects/thumbs/2020_10_22_sunro_final_handout1_th.jpg
2020caseforaguardiannetwork.pdf,/objects/2020caseforaguardiannetwork.pdf,/objects/small/2020caseforaguardiannetwork_sm.jpg,/objects/thumbs/2020caseforaguardiannetwork_th.jpg
2022_engagement_session___teck_coal_edf_award___2022_31_10_final.pdf,/objects/2022_engagement_session___teck_coal_edf_award___2022_31_10_final.pdf,/objects/small/2022_engagement_session___teck_coal_edf_award___2022_31_10_final_sm.jpg,/objects/thumbs/2022_engagement_session___teck_coal_edf_award___2022_31_10_final_th.jpg
2022bc_firstnationstoappealnechakorivercourtruling.pdf,/objects/2022bc_firstnationstoappealnechakorivercourtruling.pdf,/objects/small/2022bc_firstnationstoappealnechakorivercourtruling_sm.jpg,/objects/thumbs/2022bc_firstnationstoappealnechakorivercourtruling_th.jpg
2022canadawateragencyvirtualdialogue.pdf,/objects/2022canadawateragencyvirtualdialogue.pdf,/objects/small/2022canadawateragencyvirtualdialogue_sm.jpg,/objects/thumbs/2022canadawateragencyvirtualdialogue_th.jpg
2022canadawateragencyvirtualdialogueseries.pdf,/objects/2022canadawateragencyvirtualdialogueseries.pdf,/objects/small/2022canadawateragencyvirtualdialogueseries_sm.jpg,/objects/thumbs/2022canadawateragencyvirtualdialogueseries_th.jpg
20240605_631848_rpt_sunro_swr_ptra_final.docx,/objects/20240605_631848_rpt_sunro_swr_ptra_final.docx,,
20240605_631848_rpt_sunro_swr_ptra_final.pdf,/objects/20240605_631848_rpt_sunro_swr_ptra_final.pdf,/objects/small/20240605_631848_rpt_sunro_swr_ptra_final_sm.jpg,/objects/thumbs/20240605_631848_rpt_sunro_swr_ptra_final_th.jpg
20240710_697296_mem_water_sampling_final.pdf,/objects/20240710_697296_mem_water_sampling_final.pdf,/objects/small/20240710_697296_mem_water_sampling_final_sm.jpg,/objects/thumbs/20240710_697296_mem_water_sampling_final_th.jpg
2024_07_15_env_sunro_annual_report.pdf,/objects/2024_07_15_env_sunro_annual_report.pdf,/objects/small/2024_07_15_env_sunro_annual_report_sm.jpg,/objects/thumbs/2024_07_15_env_sunro_annual_report_th.jpg
2024_07_15_sun_16790_ccsaf.pdf,/objects/2024_07_15_sun_16790_ccsaf.pdf,/objects/small/2024_07_15_sun_16790_ccsaf_sm.jpg,/objects/thumbs/2024_07_15_sun_16790_ccsaf_th.jpg
2024_bcfp_winter.pdf,/objects/2024_bcfp_winter.pdf,/objects/small/2024_bcfp_winter_sm.jpg,/objects/thumbs/2024_bcfp_winter_th.jpg
23797sookeJORDANRIVER-1.jpg,/objects/23797sookeJORDANRIVER-1.jpg,/objects/small/23797sookejordanriver-1_sm.jpg,/objects/thumbs/23797sookejordanriver-1_th.jpg
359366.pdf,/objects/359366.pdf,/objects/small/359366_sm.jpg,/objects/thumbs/359366_th.jpg
3717___official_community_plan_for_shirley_jordan_river_bylaw_no_1_2010b.pdf,/objects/3717___official_community_plan_for_shirley_jordan_river_bylaw_no_1_2010b.pdf,/objects/small/3717___official_community_plan_for_shirley_jordan_river_bylaw_no_1_2010b_sm.jpg,/objects/thumbs/3717___official_community_plan_for_shirley_jordan_river_bylaw_no_1_2010b_th.jpg
54633sookeCOWICHANCOPPERMINE1965.jpg,/objects/54633sookeCOWICHANCOPPERMINE1965.jpg,/objects/small/54633sookecowichancoppermine1965_sm.jpg,/objects/thumbs/54633sookecowichancoppermine1965_th.jpg
Edwards (2020) msc thesis building the capacity for watershed governance.pdf,/objects/Edwards (2020) msc thesis building the capacity for watershed governance.pdf,/objects/small/edwards (2020) msc thesis building the capacity for watershed governance_sm.jpg,/objects/thumbs/edwards (2020) msc thesis building the capacity for watershed governance_th.jpg
JORDAN RIVER PAPER.pdf,/objects/JORDAN RIVER PAPER.pdf,/objects/small/jordan river paper_sm.jpg,/objects/thumbs/jordan river paper_th.jpg
Water Governance Paper.pdf,/objects/Water Governance Paper.pdf,/objects/small/water governance paper_sm.jpg,/objects/thumbs/water governance paper_th.jpg
__soehl_t__1993_a_manuscript_report_prepared_for_cearc_en107_3_136_1993_eng.pdf,/objects/__soehl_t__1993_a_manuscript_report_prepared_for_cearc_en107_3_136_1993_eng.pdf,/objects/small/__soehl_t__1993_a_manuscript_report_prepared_for_cearc_en107_3_136_1993_eng_sm.jpg,/objects/thumbs/__soehl_t__1993_a_manuscript_report_prepared_for_cearc_en107_3_136_1993_eng_th.jpg
_conway_1915_doi_water_powers_of_canada_bc.pdf,/objects/_conway_1915_doi_water_powers_of_canada_bc.pdf,/objects/small/_conway_1915_doi_water_powers_of_canada_bc_sm.jpg,/objects/thumbs/_conway_1915_doi_water_powers_of_canada_bc_th.jpg
_elc_2018_timeline_of_mining_law_in_bc.pdf,/objects/_elc_2018_timeline_of_mining_law_in_bc.pdf,/objects/small/_elc_2018_timeline_of_mining_law_in_bc_sm.jpg,/objects/thumbs/_elc_2018_timeline_of_mining_law_in_bc_th.jpg
_ref_grid.7z,/objects/_ref_grid.7z,,
_stadfield_2002_electric_space.pdf,/objects/_stadfield_2002_electric_space.pdf,/objects/small/_stadfield_2002_electric_space_sm.jpg,/objects/thumbs/_stadfield_2002_electric_space_th.jpg
a_hope_discipline_2011_02.pdf,/objects/a_hope_discipline_2011_02.pdf,/objects/small/a_hope_discipline_2011_02_sm.jpg,/objects/thumbs/a_hope_discipline_2011_02_th.jpg
adit_portal_1958_fileid_15129.pdf,/objects/adit_portal_1958_fileid_15129.pdf,/objects/small/adit_portal_1958_fileid_15129_sm.jpg,/objects/thumbs/adit_portal_1958_fileid_15129_th.jpg
alberni_valley_times_mon__aug_18_1969.pdf,/objects/alberni_valley_times_mon__aug_18_1969.pdf,/objects/small/alberni_valley_times_mon__aug_18_1969_sm.jpg,/objects/thumbs/alberni_valley_times_mon__aug_18_1969_th.jpg
all_files_claim_and_crown_grant_maps.zip,/objects/all_files_claim_and_crown_grant_maps.zip,,
ame_2015exploration_in_british_columbia_2015_in_review_ame.pdf,/objects/ame_2015exploration_in_british_columbia_2015_in_review_ame.pdf,/objects/small/ame_2015exploration_in_british_columbia_2015_in_review_ame_sm.jpg,/objects/thumbs/ame_2015exploration_in_british_columbia_2015_in_review_ame_th.jpg
an_overview_of_b_c_'s_private_managed_forest_program___managed_forest_council.html,/objects/an_overview_of_b_c_'s_private_managed_forest_program___managed_forest_council.html,,
angus_hope_bio.pdf,/objects/angus_hope_bio.pdf,/objects/small/angus_hope_bio_sm.jpg,/objects/thumbs/angus_hope_bio_th.jpg
annual_report_1989_bcgs_mp_40.pdf,/objects/annual_report_1989_bcgs_mp_40.pdf,/objects/small/annual_report_1989_bcgs_mp_40_sm.jpg,/objects/thumbs/annual_report_1989_bcgs_mp_40_th.jpg
aopen_data_portaljanuary_2019nuseds_background_information.rtf,/objects/aopen_data_portaljanuary_2019nuseds_background_information.rtf,,
aopen_data_portaljanuary_2019nuseds_report_definitions.pdf,/objects/aopen_data_portaljanuary_2019nuseds_report_definitions.pdf,/objects/small/aopen_data_portaljanuary_2019nuseds_report_definitions_sm.jpg,/objects/thumbs/aopen_data_portaljanuary_2019nuseds_report_definitions_th.jpg
appendix_b1.pdf,/objects/appendix_b1.pdf,/objects/small/appendix_b1_sm.jpg,/objects/thumbs/appendix_b1_th.jpg
assay_sample_locations_1962_fileid_15111.pdf,/objects/assay_sample_locations_1962_fileid_15111.pdf,/objects/small/assay_sample_locations_1962_fileid_15111_sm.jpg,/objects/thumbs/assay_sample_locations_1962_fileid_15111_th.jpg
b_c__forest_watchdog_says_province_should_improve_watershed_management___bc_news___castanet_net.pdf,/objects/b_c__forest_watchdog_says_province_should_improve_watershed_management___bc_news___castanet_net.pdf,/objects/small/b_c__forest_watchdog_says_province_should_improve_watershed_management___bc_news___castanet_net_sm.jpg,/objects/thumbs/b_c__forest_watchdog_says_province_should_improve_watershed_management___bc_news___castanet_net_th.jpg
bacon_1969_drilled_ore_zones_maps.pdf,/objects/bacon_1969_drilled_ore_zones_maps.pdf,/objects/small/bacon_1969_drilled_ore_zones_maps_sm.jpg,/objects/thumbs/bacon_1969_drilled_ore_zones_maps_th.jpg
bacon_1969_report_on_cerna_copper_mines.pdf,/objects/bacon_1969_report_on_cerna_copper_mines.pdf,/objects/small/bacon_1969_report_on_cerna_copper_mines_sm.jpg,/objects/thumbs/bacon_1969_report_on_cerna_copper_mines_th.jpg
barazzuol_and _stewart_2003_historic_mine_sites_in_bc_bcgs_of2003_03.pdf,/objects/barazzuol_and _stewart_2003_historic_mine_sites_in_bc_bcgs_of2003_03.pdf,/objects/small/barazzuol_and _stewart_2003_historic_mine_sites_in_bc_bcgs_of2003_03_sm.jpg,/objects/thumbs/barazzuol_and _stewart_2003_historic_mine_sites_in_bc_bcgs_of2003_03_th.jpg
barkham_2021_should_rivers_have_the_same_rights_as_people_in_guardian.pdf,/objects/barkham_2021_should_rivers_have_the_same_rights_as_people_in_guardian.pdf,/objects/small/barkham_2021_should_rivers_have_the_same_rights_as_people_in_guardian_sm.jpg,/objects/thumbs/barkham_2021_should_rivers_have_the_same_rights_as_people_in_guardian_th.jpg
bc_contaminated_mine_site_map_jan_13_2021_low_resolution.pdf,/objects/bc_contaminated_mine_site_map_jan_13_2021_low_resolution.pdf,/objects/small/bc_contaminated_mine_site_map_jan_13_2021_low_resolution_sm.jpg,/objects/thumbs/bc_contaminated_mine_site_map_jan_13_2021_low_resolution_th.jpg
bc_copper_wqg_aquatic_life_technical_report.pdf,/objects/bc_copper_wqg_aquatic_life_technical_report.pdf,/objects/small/bc_copper_wqg_aquatic_life_technical_report_sm.jpg,/objects/thumbs/bc_copper_wqg_aquatic_life_technical_report_th.jpg
bc_hydro_1972_tenth_annual_report.pdf,/objects/bc_hydro_1972_tenth_annual_report.pdf,/objects/small/bc_hydro_1972_tenth_annual_report_sm.jpg,/objects/thumbs/bc_hydro_1972_tenth_annual_report_th.jpg
bc_hydro_2002_jr_wup_consultative_committee_report_appendix_d_committee_members.pdf,/objects/bc_hydro_2002_jr_wup_consultative_committee_report_appendix_d_committee_members.pdf,/objects/small/bc_hydro_2002_jr_wup_consultative_committee_report_appendix_d_committee_members_sm.jpg,/objects/thumbs/bc_hydro_2002_jr_wup_consultative_committee_report_appendix_d_committee_members_th.jpg
bc_hydro_2002_jr_wup_consultative_committee_report_executive_summary.pdf,/objects/bc_hydro_2002_jr_wup_consultative_committee_report_executive_summary.pdf,/objects/small/bc_hydro_2002_jr_wup_consultative_committee_report_executive_summary_sm.jpg,/objects/thumbs/bc_hydro_2002_jr_wup_consultative_committee_report_executive_summary_th.jpg
bc_hydro_2002_jr_wup_consultiatve_committee_report.pdf,/objects/bc_hydro_2002_jr_wup_consultiatve_committee_report.pdf,/objects/small/bc_hydro_2002_jr_wup_consultiatve_committee_report_sm.jpg,/objects/thumbs/bc_hydro_2002_jr_wup_consultiatve_committee_report_th.jpg
bc_hydro_2003_jordan_river_water_use_plan.pdf,/objects/bc_hydro_2003_jordan_river_water_use_plan.pdf,/objects/small/bc_hydro_2003_jordan_river_water_use_plan_sm.jpg,/objects/thumbs/bc_hydro_2003_jordan_river_water_use_plan_th.jpg
bc_hydro_2004_wup_puntledge_river.pdf,/objects/bc_hydro_2004_wup_puntledge_river.pdf,/objects/small/bc_hydro_2004_wup_puntledge_river_sm.jpg,/objects/thumbs/bc_hydro_2004_wup_puntledge_river_th.jpg
bc_hydro_2008_jr_wup_monitoring_and_physical_works_annual_report.pdf,/objects/bc_hydro_2008_jr_wup_monitoring_and_physical_works_annual_report.pdf,/objects/small/bc_hydro_2008_jr_wup_monitoring_and_physical_works_annual_report_sm.jpg,/objects/thumbs/bc_hydro_2008_jr_wup_monitoring_and_physical_works_annual_report_th.jpg
bc_hydro_2014_wup_review_program_information_sheet.pdf,/objects/bc_hydro_2014_wup_review_program_information_sheet.pdf,/objects/small/bc_hydro_2014_wup_review_program_information_sheet_sm.jpg,/objects/thumbs/bc_hydro_2014_wup_review_program_information_sheet_th.jpg
bc_hydro_2018_jr_wup_plan_order_review_letter.pdf,/objects/bc_hydro_2018_jr_wup_plan_order_review_letter.pdf,/objects/small/bc_hydro_2018_jr_wup_plan_order_review_letter_sm.jpg,/objects/thumbs/bc_hydro_2018_jr_wup_plan_order_review_letter_th.jpg
bc_hydro_2019_jr_wup_order_review_report_wupor.pdf,/objects/bc_hydro_2019_jr_wup_order_review_report_wupor.pdf,/objects/small/bc_hydro_2019_jr_wup_order_review_report_wupor_sm.jpg,/objects/thumbs/bc_hydro_2019_jr_wup_order_review_report_wupor_th.jpg
bc_hydro_to_increase_puntledge_river_flows_to_help_with_fish_migration___the_raven_1007.pdf,/objects/bc_hydro_to_increase_puntledge_river_flows_to_help_with_fish_migration___the_raven_1007.pdf,/objects/small/bc_hydro_to_increase_puntledge_river_flows_to_help_with_fish_migration___the_raven_1007_sm.jpg,/objects/thumbs/bc_hydro_to_increase_puntledge_river_flows_to_help_with_fish_migration___the_raven_1007_th.jpg
bc_mining_and_engineering_record_1911_vi_power_company's_new_power_plant.pdf,/objects/bc_mining_and_engineering_record_1911_vi_power_company's_new_power_plant.pdf,/objects/small/bc_mining_and_engineering_record_1911_vi_power_company's_new_power_plant_sm.jpg,/objects/thumbs/bc_mining_and_engineering_record_1911_vi_power_company's_new_power_plant_th.jpg
bc_railways_department_report_1920_logging_and_mining_railways_of_bc.pdf,/objects/bc_railways_department_report_1920_logging_and_mining_railways_of_bc.pdf,/objects/small/bc_railways_department_report_1920_logging_and_mining_railways_of_bc_sm.jpg,/objects/thumbs/bc_railways_department_report_1920_logging_and_mining_railways_of_bc_th.jpg
bc_salmon_restoration_and_innovative_fund.pdf,/objects/bc_salmon_restoration_and_innovative_fund.pdf,/objects/small/bc_salmon_restoration_and_innovative_fund_sm.jpg,/objects/thumbs/bc_salmon_restoration_and_innovative_fund_th.jpg
bcclamgardenrestorationrevivesmillenniaoldfirstnationfoodsource_sookenewsmirror.pdf,/objects/bcclamgardenrestorationrevivesmillenniaoldfirstnationfoodsource_sookenewsmirror.pdf,/objects/small/bcclamgardenrestorationrevivesmillenniaoldfirstnationfoodsource_sookenewsmirror_sm.jpg,/objects/thumbs/bcclamgardenrestorationrevivesmillenniaoldfirstnationfoodsource_sookenewsmirror_th.jpg
bcgs_minfile_sunro_mine_detailed_report.pdf,/objects/bcgs_minfile_sunro_mine_detailed_report.pdf,/objects/small/bcgs_minfile_sunro_mine_detailed_report_sm.jpg,/objects/thumbs/bcgs_minfile_sunro_mine_detailed_report_th.jpg
bcgs_minfile_sunro_mine_summary.pdf,/objects/bcgs_minfile_sunro_mine_summary.pdf,/objects/small/bcgs_minfile_sunro_mine_summary_sm.jpg,/objects/thumbs/bcgs_minfile_sunro_mine_summary_th.jpg
bcgs_of2003_03_historical_mines.pdf,/objects/bcgs_of2003_03_historical_mines.pdf,/objects/small/bcgs_of2003_03_historical_mines_sm.jpg,/objects/thumbs/bcgs_of2003_03_historical_mines_th.jpg
bcgs_reports.7z,/objects/bcgs_reports.7z,,
bcgs_sunloch_mine_1918_sketchof_workings.png,/objects/bcgs_sunloch_mine_1918_sketchof_workings.png,/objects/small/bcgs_sunloch_mine_1918_sketchof_workings_sm.jpg,/objects/thumbs/bcgs_sunloch_mine_1918_sketchof_workings_th.jpg
bcgwmineral.xlsx,/objects/bcgwmineral.xlsx,,
bchydr_1.pdf,/objects/bchydr_1.pdf,/objects/small/bchydr_1_sm.jpg,/objects/thumbs/bchydr_1_th.jpg
bchydr_2.pdf,/objects/bchydr_2.pdf,/objects/small/bchydr_2_sm.jpg,/objects/thumbs/bchydr_2_th.jpg
bchydro_fia_f17.pdf,/objects/bchydro_fia_f17.pdf,/objects/small/bchydro_fia_f17_sm.jpg,/objects/thumbs/bchydro_fia_f17_th.jpg
bcmlr_2023_dirty_dozen_report_2023_web.pdf,/objects/bcmlr_2023_dirty_dozen_report_2023_web.pdf,/objects/small/bcmlr_2023_dirty_dozen_report_2023_web_sm.jpg,/objects/thumbs/bcmlr_2023_dirty_dozen_report_2023_web_th.jpg
bcmlr_closure_reclamation_abandoned_mines.pdf,/objects/bcmlr_closure_reclamation_abandoned_mines.pdf,/objects/small/bcmlr_closure_reclamation_abandoned_mines_sm.jpg,/objects/thumbs/bcmlr_closure_reclamation_abandoned_mines_th.jpg
bcmlr_dirty_dozen_report_2023_web.pdf,/objects/bcmlr_dirty_dozen_report_2023_web.pdf,/objects/small/bcmlr_dirty_dozen_report_2023_web_sm.jpg,/objects/thumbs/bcmlr_dirty_dozen_report_2023_web_th.jpg
bcsessional_10064128.pdf,/objects/bcsessional_10064128.pdf,/objects/small/bcsessional_10064128_sm.jpg,/objects/thumbs/bcsessional_10064128_th.jpg
bcsessional_10064162.pdf,/objects/bcsessional_10064162.pdf,/objects/small/bcsessional_10064162_sm.jpg,/objects/thumbs/bcsessional_10064162_th.jpg
bcsessional_1_0064128.pdf,/objects/bcsessional_1_0064128.pdf,/objects/small/bcsessional_1_0064128_sm.jpg,/objects/thumbs/bcsessional_1_0064128_th.jpg
bcsessional_1_0064162.pdf,/objects/bcsessional_1_0064162.pdf,/objects/small/bcsessional_1_0064162_sm.jpg,/objects/thumbs/bcsessional_1_0064162_th.jpg
beau_pre_property_reports.pdf,/objects/beau_pre_property_reports.pdf,/objects/small/beau_pre_property_reports_sm.jpg,/objects/thumbs/beau_pre_property_reports_th.jpg
billingsley_1963_underground_mining_and_milling_at_cowichan_copper_co_ltd.pdf,/objects/billingsley_1963_underground_mining_and_milling_at_cowichan_copper_co_ltd.pdf,/objects/small/billingsley_1963_underground_mining_and_milling_at_cowichan_copper_co_ltd_sm.jpg,/objects/thumbs/billingsley_1963_underground_mining_and_milling_at_cowichan_copper_co_ltd_th.jpg
blissspring.pdf,/objects/blissspring.pdf,/objects/small/blissspring_sm.jpg,/objects/thumbs/blissspring_th.jpg
bulkheads_fileid_12761_some_blhds.pdf,/objects/bulkheads_fileid_12761_some_blhds.pdf,/objects/small/bulkheads_fileid_12761_some_blhds_sm.jpg,/objects/thumbs/bulkheads_fileid_12761_some_blhds_th.jpg
bulkheads_fileid_12762_upper_l_blkhs.pdf,/objects/bulkheads_fileid_12762_upper_l_blkhs.pdf,/objects/small/bulkheads_fileid_12762_upper_l_blkhs_sm.jpg,/objects/thumbs/bulkheads_fileid_12762_upper_l_blkhs_th.jpg
burt_2008_lower_jordan_river_fish_index_study_year_3_results_jormon_2.pdf,/objects/burt_2008_lower_jordan_river_fish_index_study_year_3_results_jormon_2.pdf,/objects/small/burt_2008_lower_jordan_river_fish_index_study_year_3_results_jormon_2_sm.jpg,/objects/thumbs/burt_2008_lower_jordan_river_fish_index_study_year_3_results_jormon_2_th.jpg
burt_2012_summary_of_water_quality_and_biological_data_for_anadromous_reaches_of_the_jordan_river.pdf,/objects/burt_2012_summary_of_water_quality_and_biological_data_for_anadromous_reaches_of_the_jordan_river.pdf,/objects/small/burt_2012_summary_of_water_quality_and_biological_data_for_anadromous_reaches_of_the_jordan_river_sm.jpg,/objects/thumbs/burt_2012_summary_of_water_quality_and_biological_data_for_anadromous_reaches_of_the_jordan_river_th.jpg
"burt_2014_assessment_of_gravel_quantity,_project_13_jor_02.pdf","/objects/burt_2014_assessment_of_gravel_quantity,_project_13_jor_02.pdf","/objects/small/burt_2014_assessment_of_gravel_quantity,_project_13_jor_02_sm.jpg","/objects/thumbs/burt_2014_assessment_of_gravel_quantity,_project_13_jor_02_th.jpg"
burt_2014_feasibility_for_side_channel_development_3_jor_01.pdf,/objects/burt_2014_feasibility_for_side_channel_development_3_jor_01.pdf,/objects/small/burt_2014_feasibility_for_side_channel_development_3_jor_01_sm.jpg,/objects/thumbs/burt_2014_feasibility_for_side_channel_development_3_jor_01_th.jpg
burt_2017_jordan_river_environmental_synthesis_report.pdf,/objects/burt_2017_jordan_river_environmental_synthesis_report.pdf,/objects/small/burt_2017_jordan_river_environmental_synthesis_report_sm.jpg,/objects/thumbs/burt_2017_jordan_river_environmental_synthesis_report_th.jpg
burt_2017_jordan_river_environmental_synthesis_report_figure_3_salmon_abundance_chart.pdf,/objects/burt_2017_jordan_river_environmental_synthesis_report_figure_3_salmon_abundance_chart.pdf,/objects/small/burt_2017_jordan_river_environmental_synthesis_report_figure_3_salmon_abundance_chart_sm.jpg,/objects/thumbs/burt_2017_jordan_river_environmental_synthesis_report_figure_3_salmon_abundance_chart_th.jpg
burt_and_hill_2015_a_restoration_plan_14jor01.pdf,/objects/burt_and_hill_2015_a_restoration_plan_14jor01.pdf,/objects/small/burt_and_hill_2015_a_restoration_plan_14jor01_sm.jpg,/objects/thumbs/burt_and_hill_2015_a_restoration_plan_14jor01_th.jpg
campbell2015thenauticapediatugsandbargestoandfromjordanriverbc.pdf,/objects/campbell2015thenauticapediatugsandbargestoandfromjordanriverbc.pdf,/objects/small/campbell2015thenauticapediatugsandbargestoandfromjordanriverbc_sm.jpg,/objects/thumbs/campbell2015thenauticapediatugsandbargestoandfromjordanriverbc_th.jpg
campbell_2015_heritate_sites_and_areas_of_historical_interest_in_otter_point_history.pdf,/objects/campbell_2015_heritate_sites_and_areas_of_historical_interest_in_otter_point_history.pdf,/objects/small/campbell_2015_heritate_sites_and_areas_of_historical_interest_in_otter_point_history_sm.jpg,/objects/thumbs/campbell_2015_heritate_sites_and_areas_of_historical_interest_in_otter_point_history_th.jpg
capkum_electrical_business_2021_a_clean_future_powered_by_water__bc_hydro’s_new_5year_plan.pdf,/objects/capkum_electrical_business_2021_a_clean_future_powered_by_water__bc_hydro’s_new_5year_plan.pdf,/objects/small/capkum_electrical_business_2021_a_clean_future_powered_by_water__bc_hydro’s_new_5year_plan_sm.jpg,/objects/thumbs/capkum_electrical_business_2021_a_clean_future_powered_by_water__bc_hydro’s_new_5year_plan_th.jpg
cascadia_2006_lower_jordan_river_salmon_spawning_assessment_and_enumeration_jormon_3.pdf,/objects/cascadia_2006_lower_jordan_river_salmon_spawning_assessment_and_enumeration_jormon_3.pdf,/objects/small/cascadia_2006_lower_jordan_river_salmon_spawning_assessment_and_enumeration_jormon_3_sm.jpg,/objects/thumbs/cascadia_2006_lower_jordan_river_salmon_spawning_assessment_and_enumeration_jormon_3_th.jpg
cascadia_2010_jordan_salmon_spawning_assessment_jormon_3_yr4_2010_02_01.pdf,/objects/cascadia_2010_jordan_salmon_spawning_assessment_jormon_3_yr4_2010_02_01.pdf,/objects/small/cascadia_2010_jordan_salmon_spawning_assessment_jormon_3_yr4_2010_02_01_sm.jpg,/objects/thumbs/cascadia_2010_jordan_salmon_spawning_assessment_jormon_3_yr4_2010_02_01_th.jpg
casselman_2_15_who_is_watching_bcs_environmental_watch_dogs_in_bcbusiness.pdf,/objects/casselman_2_15_who_is_watching_bcs_environmental_watch_dogs_in_bcbusiness.pdf,/objects/small/casselman_2_15_who_is_watching_bcs_environmental_watch_dogs_in_bcbusiness_sm.jpg,/objects/thumbs/casselman_2_15_who_is_watching_bcs_environmental_watch_dogs_in_bcbusiness_th.jpg
cave_zone_1969_fileid_72622.pdf,/objects/cave_zone_1969_fileid_72622.pdf,/objects/small/cave_zone_1969_fileid_72622_sm.jpg,/objects/thumbs/cave_zone_1969_fileid_72622_th.jpg
century_of_discovery_original_res.pdf,/objects/century_of_discovery_original_res.pdf,/objects/small/century_of_discovery_original_res_sm.jpg,/objects/thumbs/century_of_discovery_original_res_th.jpg
chowicancoppermine1965.jpg,/objects/chowicancoppermine1965.jpg,/objects/small/chowicancoppermine1965_sm.jpg,/objects/thumbs/chowicancoppermine1965_th.jpg
clark_2008_validation_of_the_flow_management_pathway.pdf,/objects/clark_2008_validation_of_the_flow_management_pathway.pdf,/objects/small/clark_2008_validation_of_the_flow_management_pathway_sm.jpg,/objects/thumbs/clark_2008_validation_of_the_flow_management_pathway_th.jpg
clearingwherepowerhousewasbuiltjordanriver1908.jpg,/objects/clearingwherepowerhousewasbuiltjordanriver1908.jpg,/objects/small/clearingwherepowerhousewasbuiltjordanriver1908_sm.jpg,/objects/thumbs/clearingwherepowerhousewasbuiltjordanriver1908_th.jpg
cloutier_1928_annual_reprt_of_minister_of_mines.pdf,/objects/cloutier_1928_annual_reprt_of_minister_of_mines.pdf,/objects/small/cloutier_1928_annual_reprt_of_minister_of_mines_sm.jpg,/objects/thumbs/cloutier_1928_annual_reprt_of_minister_of_mines_th.jpg
coloured_3100_level_plan_fileid_72621.pdf,/objects/coloured_3100_level_plan_fileid_72621.pdf,/objects/small/coloured_3100_level_plan_fileid_72621_sm.jpg,/objects/thumbs/coloured_3100_level_plan_fileid_72621_th.jpg
commerce_resources_fileid_45010.pdf,/objects/commerce_resources_fileid_45010.pdf,/objects/small/commerce_resources_fileid_45010_sm.jpg,/objects/thumbs/commerce_resources_fileid_45010_th.jpg
consultative_committee_report_page_10_1__review_period.pdf,/objects/consultative_committee_report_page_10_1__review_period.pdf,/objects/small/consultative_committee_report_page_10_1__review_period_sm.jpg,/objects/thumbs/consultative_committee_report_page_10_1__review_period_th.jpg
conway_1915_quote_from_presidential_address_p_3.pdf,/objects/conway_1915_quote_from_presidential_address_p_3.pdf,/objects/small/conway_1915_quote_from_presidential_address_p_3_sm.jpg,/objects/thumbs/conway_1915_quote_from_presidential_address_p_3_th.jpg
cooke_1919_gabbros_of_east_sooke_and_rocky_point.pdf,/objects/cooke_1919_gabbros_of_east_sooke_and_rocky_point.pdf,/objects/small/cooke_1919_gabbros_of_east_sooke_and_rocky_point_sm.jpg,/objects/thumbs/cooke_1919_gabbros_of_east_sooke_and_rocky_point_th.jpg
cowichan_copper_1963_5100_level_ore_bodies_and_geology_map.pdf,/objects/cowichan_copper_1963_5100_level_ore_bodies_and_geology_map.pdf,/objects/small/cowichan_copper_1963_5100_level_ore_bodies_and_geology_map_sm.jpg,/objects/thumbs/cowichan_copper_1963_5100_level_ore_bodies_and_geology_map_th.jpg
cowichan_copper_1963_cave_centre_new_zones_ore_map.pdf,/objects/cowichan_copper_1963_cave_centre_new_zones_ore_map.pdf,/objects/small/cowichan_copper_1963_cave_centre_new_zones_ore_map_sm.jpg,/objects/thumbs/cowichan_copper_1963_cave_centre_new_zones_ore_map_th.jpg
cowichan_copper_1963_ore_body_by_level_maps.pdf,/objects/cowichan_copper_1963_ore_body_by_level_maps.pdf,/objects/small/cowichan_copper_1963_ore_body_by_level_maps_sm.jpg,/objects/thumbs/cowichan_copper_1963_ore_body_by_level_maps_th.jpg
cowichan_copper_1964_cross_section_of_river_ore_zones_bcgs_fileid_7868.pdf,/objects/cowichan_copper_1964_cross_section_of_river_ore_zones_bcgs_fileid_7868.pdf,/objects/small/cowichan_copper_1964_cross_section_of_river_ore_zones_bcgs_fileid_7868_sm.jpg,/objects/thumbs/cowichan_copper_1964_cross_section_of_river_ore_zones_bcgs_fileid_7868_th.jpg
cowichan_copper_1969_5126_level_map_bcgs_fileid_12766.pdf,/objects/cowichan_copper_1969_5126_level_map_bcgs_fileid_12766.pdf,/objects/small/cowichan_copper_1969_5126_level_map_bcgs_fileid_12766_sm.jpg,/objects/thumbs/cowichan_copper_1969_5126_level_map_bcgs_fileid_12766_th.jpg
cowichan_copper_1969_5130_level_map_bcgs_fileid_7861.pdf,/objects/cowichan_copper_1969_5130_level_map_bcgs_fileid_7861.pdf,/objects/small/cowichan_copper_1969_5130_level_map_bcgs_fileid_7861_sm.jpg,/objects/thumbs/cowichan_copper_1969_5130_level_map_bcgs_fileid_7861_th.jpg
cowichan_copper_1969_5210_level_map_bcgs_fileid_13628.pdf,/objects/cowichan_copper_1969_5210_level_map_bcgs_fileid_13628.pdf,/objects/small/cowichan_copper_1969_5210_level_map_bcgs_fileid_13628_sm.jpg,/objects/thumbs/cowichan_copper_1969_5210_level_map_bcgs_fileid_13628_th.jpg
cowichan_copper_1969_5210_level_map_bcgs_fileid_7862.pdf,/objects/cowichan_copper_1969_5210_level_map_bcgs_fileid_7862.pdf,/objects/small/cowichan_copper_1969_5210_level_map_bcgs_fileid_7862_sm.jpg,/objects/thumbs/cowichan_copper_1969_5210_level_map_bcgs_fileid_7862_th.jpg
cowichan_copper_1969_5300_level_map_bcgs_fileid_12765.pdf,/objects/cowichan_copper_1969_5300_level_map_bcgs_fileid_12765.pdf,/objects/small/cowichan_copper_1969_5300_level_map_bcgs_fileid_12765_sm.jpg,/objects/thumbs/cowichan_copper_1969_5300_level_map_bcgs_fileid_12765_th.jpg
cowichan_copper_1969_5300_level_map_bcgs_fileid_7863.pdf,/objects/cowichan_copper_1969_5300_level_map_bcgs_fileid_7863.pdf,/objects/small/cowichan_copper_1969_5300_level_map_bcgs_fileid_7863_sm.jpg,/objects/thumbs/cowichan_copper_1969_5300_level_map_bcgs_fileid_7863_th.jpg
cowichan_copper_1969_5400_level_map_bcgs_fileid_12764.pdf,/objects/cowichan_copper_1969_5400_level_map_bcgs_fileid_12764.pdf,/objects/small/cowichan_copper_1969_5400_level_map_bcgs_fileid_12764_sm.jpg,/objects/thumbs/cowichan_copper_1969_5400_level_map_bcgs_fileid_12764_th.jpg
cowichan_copper_1969_5400_level_map_bcgs_fileid_7864.pdf,/objects/cowichan_copper_1969_5400_level_map_bcgs_fileid_7864.pdf,/objects/small/cowichan_copper_1969_5400_level_map_bcgs_fileid_7864_sm.jpg,/objects/thumbs/cowichan_copper_1969_5400_level_map_bcgs_fileid_7864_th.jpg
cowichan_copper_1969_5500_level_map_bcgs_fileid_7865.pdf,/objects/cowichan_copper_1969_5500_level_map_bcgs_fileid_7865.pdf,/objects/small/cowichan_copper_1969_5500_level_map_bcgs_fileid_7865_sm.jpg,/objects/thumbs/cowichan_copper_1969_5500_level_map_bcgs_fileid_7865_th.jpg
cowichan_copper_1969_5615_level_map_bcgs_fileid_13627.pdf,/objects/cowichan_copper_1969_5615_level_map_bcgs_fileid_13627.pdf,/objects/small/cowichan_copper_1969_5615_level_map_bcgs_fileid_13627_sm.jpg,/objects/thumbs/cowichan_copper_1969_5615_level_map_bcgs_fileid_13627_th.jpg
cowichan_copper_1969_5670_level_map_bcgs_fileid_13625.pdf,/objects/cowichan_copper_1969_5670_level_map_bcgs_fileid_13625.pdf,/objects/small/cowichan_copper_1969_5670_level_map_bcgs_fileid_13625_sm.jpg,/objects/thumbs/cowichan_copper_1969_5670_level_map_bcgs_fileid_13625_th.jpg
cowichan_copper_1969_5670_level_map_bcgs_fileid_7867.pdf,/objects/cowichan_copper_1969_5670_level_map_bcgs_fileid_7867.pdf,/objects/small/cowichan_copper_1969_5670_level_map_bcgs_fileid_7867_sm.jpg,/objects/thumbs/cowichan_copper_1969_5670_level_map_bcgs_fileid_7867_th.jpg
cowichan_copper_1971_surface_geology_map_bcgs_fileid_15102.pdf,/objects/cowichan_copper_1971_surface_geology_map_bcgs_fileid_15102.pdf,/objects/small/cowichan_copper_1971_surface_geology_map_bcgs_fileid_15102_sm.jpg,/objects/thumbs/cowichan_copper_1971_surface_geology_map_bcgs_fileid_15102_th.jpg
crowhurst_1969_report_on_cerna_copper_mines_jr_fileid_72619.pdf,/objects/crowhurst_1969_report_on_cerna_copper_mines_jr_fileid_72619.pdf,/objects/small/crowhurst_1969_report_on_cerna_copper_mines_jr_fileid_72619_sm.jpg,/objects/thumbs/crowhurst_1969_report_on_cerna_copper_mines_jr_fileid_72619_th.jpg
crown_grant_info.png,/objects/crown_grant_info.png,/objects/small/crown_grant_info_sm.jpg,/objects/thumbs/crown_grant_info_th.jpg
crown_land_grants_a_history_of_the_e_and_n.pdf,/objects/crown_land_grants_a_history_of_the_e_and_n.pdf,/objects/small/crown_land_grants_a_history_of_the_e_and_n_sm.jpg,/objects/thumbs/crown_land_grants_a_history_of_the_e_and_n_th.jpg
cunningam_2007_history_of_leon_koerner_alaska_pine_om_bc_hitory_yournal.pdf,/objects/cunningam_2007_history_of_leon_koerner_alaska_pine_om_bc_hitory_yournal.pdf,/objects/small/cunningam_2007_history_of_leon_koerner_alaska_pine_om_bc_hitory_yournal_sm.jpg,/objects/thumbs/cunningam_2007_history_of_leon_koerner_alaska_pine_om_bc_hitory_yournal_th.jpg
daily_colonist _1969_02_25_massive_blast_opening_tunnel.pdf,/objects/daily_colonist _1969_02_25_massive_blast_opening_tunnel.pdf,/objects/small/daily_colonist _1969_02_25_massive_blast_opening_tunnel_sm.jpg,/objects/thumbs/daily_colonist _1969_02_25_massive_blast_opening_tunnel_th.jpg
daily_colonist_1936_05_31_little_rills_and_waters_numberless.pdf,/objects/daily_colonist_1936_05_31_little_rills_and_waters_numberless.pdf,/objects/small/daily_colonist_1936_05_31_little_rills_and_waters_numberless_sm.jpg,/objects/thumbs/daily_colonist_1936_05_31_little_rills_and_waters_numberless_th.jpg
daily_colonist_1968_07_07_pioneers_of_jr_hydro.pdf,/objects/daily_colonist_1968_07_07_pioneers_of_jr_hydro.pdf,/objects/small/daily_colonist_1968_07_07_pioneers_of_jr_hydro_sm.jpg,/objects/thumbs/daily_colonist_1968_07_07_pioneers_of_jr_hydro_th.jpg
daily_colonist_1969_05_11_hydro_project_hums.pdf,/objects/daily_colonist_1969_05_11_hydro_project_hums.pdf,/objects/small/daily_colonist_1969_05_11_hydro_project_hums_sm.jpg,/objects/thumbs/daily_colonist_1969_05_11_hydro_project_hums_th.jpg
daily_colonist_1970_08_30_power_play.pdf,/objects/daily_colonist_1970_08_30_power_play.pdf,/objects/small/daily_colonist_1970_08_30_power_play_sm.jpg,/objects/thumbs/daily_colonist_1970_08_30_power_play_th.jpg
daily_colonist_1971_11_21_eye_to_future.pdf,/objects/daily_colonist_1971_11_21_eye_to_future.pdf,/objects/small/daily_colonist_1971_11_21_eye_to_future_sm.jpg,/objects/thumbs/daily_colonist_1971_11_21_eye_to_future_th.jpg
daily_colonist_november_5_1964_island_to_double_share_of_mainland_power.pdf,/objects/daily_colonist_november_5_1964_island_to_double_share_of_mainland_power.pdf,/objects/small/daily_colonist_november_5_1964_island_to_double_share_of_mainland_power_sm.jpg,/objects/thumbs/daily_colonist_november_5_1964_island_to_double_share_of_mainland_power_th.jpg
davis_2017_jordan_river_restoration_bringing_back_the_habitat_bc_outdoors.pdf,/objects/davis_2017_jordan_river_restoration_bringing_back_the_habitat_bc_outdoors.pdf,/objects/small/davis_2017_jordan_river_restoration_bringing_back_the_habitat_bc_outdoors_sm.jpg,/objects/thumbs/davis_2017_jordan_river_restoration_bringing_back_the_habitat_bc_outdoors_th.jpg
dc_1968_dams_and_wildlife.pdf,/objects/dc_1968_dams_and_wildlife.pdf,/objects/small/dc_1968_dams_and_wildlife_sm.jpg,/objects/thumbs/dc_1968_dams_and_wildlife_th.jpg
dc_1968_pioneers_of_jr_had_courage_to_dream_and_dare.pdf,/objects/dc_1968_pioneers_of_jr_had_courage_to_dream_and_dare.pdf,/objects/small/dc_1968_pioneers_of_jr_had_courage_to_dream_and_dare_sm.jpg,/objects/thumbs/dc_1968_pioneers_of_jr_had_courage_to_dream_and_dare_th.jpg
dc_1969_new_power_system_underway_jr_enters_forth_boom.pdf,/objects/dc_1969_new_power_system_underway_jr_enters_forth_boom.pdf,/objects/small/dc_1969_new_power_system_underway_jr_enters_forth_boom_sm.jpg,/objects/thumbs/dc_1969_new_power_system_underway_jr_enters_forth_boom_th.jpg
dcwr_2004_bc_water_act_order_jordan_river_wup_acceptance_letter.pdf,/objects/dcwr_2004_bc_water_act_order_jordan_river_wup_acceptance_letter.pdf,/objects/small/dcwr_2004_bc_water_act_order_jordan_river_wup_acceptance_letter_sm.jpg,/objects/thumbs/dcwr_2004_bc_water_act_order_jordan_river_wup_acceptance_letter_th.jpg
deptment_of_fisheries_1884_annual_report.pdf,/objects/deptment_of_fisheries_1884_annual_report.pdf,/objects/small/deptment_of_fisheries_1884_annual_report_sm.jpg,/objects/thumbs/deptment_of_fisheries_1884_annual_report_th.jpg
dfo_1979_sep_update_78.pdf,/objects/dfo_1979_sep_update_78.pdf,/objects/small/dfo_1979_sep_update_78_sm.jpg,/objects/thumbs/dfo_1979_sep_update_78_th.jpg
dfo_1987_bc16_annual_report_of_salmon_stream_and_spawning_grounds.pdf,/objects/dfo_1987_bc16_annual_report_of_salmon_stream_and_spawning_grounds.pdf,/objects/small/dfo_1987_bc16_annual_report_of_salmon_stream_and_spawning_grounds_sm.jpg,/objects/thumbs/dfo_1987_bc16_annual_report_of_salmon_stream_and_spawning_grounds_th.jpg
dfo_2018_report.pdf,/objects/dfo_2018_report.pdf,/objects/small/dfo_2018_report_sm.jpg,/objects/thumbs/dfo_2018_report_th.jpg
dfo_bc16.pdf,/objects/dfo_bc16.pdf,/objects/small/dfo_bc16_sm.jpg,/objects/thumbs/dfo_bc16_th.jpg
dfo_habitat_restoration.pdf,/objects/dfo_habitat_restoration.pdf,/objects/small/dfo_habitat_restoration_sm.jpg,/objects/thumbs/dfo_habitat_restoration_th.jpg
ditidahtandpacheedaht2019treatyagreementinprinciple.pdf,/objects/ditidahtandpacheedaht2019treatyagreementinprinciple.pdf,/objects/small/ditidahtandpacheedaht2019treatyagreementinprinciple_sm.jpg,/objects/thumbs/ditidahtandpacheedaht2019treatyagreementinprinciple_th.jpg
dunn_2017_seaweed_and_a_exploration_medium_in_explore_176.pdf,/objects/dunn_2017_seaweed_and_a_exploration_medium_in_explore_176.pdf,/objects/small/dunn_2017_seaweed_and_a_exploration_medium_in_explore_176_sm.jpg,/objects/thumbs/dunn_2017_seaweed_and_a_exploration_medium_in_explore_176_th.jpg
ebarsky_mckechnie.pdf,/objects/ebarsky_mckechnie.pdf,/objects/small/ebarsky_mckechnie_sm.jpg,/objects/thumbs/ebarsky_mckechnie_th.jpg
edmonton_journal_1980_12_29_59_hotel_for_sale.jpg,/objects/edmonton_journal_1980_12_29_59_hotel_for_sale.jpg,/objects/small/edmonton_journal_1980_12_29_59_hotel_for_sale_sm.jpg,/objects/thumbs/edmonton_journal_1980_12_29_59_hotel_for_sale_th.jpg
edwards_2020_msc_thesis_building_the_capacity_for_watershed_governance.pdf,/objects/edwards_2020_msc_thesis_building_the_capacity_for_watershed_governance.pdf,/objects/small/edwards_2020_msc_thesis_building_the_capacity_for_watershed_governance_sm.jpg,/objects/thumbs/edwards_2020_msc_thesis_building_the_capacity_for_watershed_governance_th.jpg
elc_2018_timeline_of_mining_law_in_bc.pdf,/objects/elc_2018_timeline_of_mining_law_in_bc.pdf,/objects/small/elc_2018_timeline_of_mining_law_in_bc_sm.jpg,/objects/thumbs/elc_2018_timeline_of_mining_law_in_bc_th.jpg
elc_clinic_application_2020_signed.pdf,/objects/elc_clinic_application_2020_signed.pdf,/objects/small/elc_clinic_application_2020_signed_sm.jpg,/objects/thumbs/elc_clinic_application_2020_signed_th.jpg
elliot_lake_news_2024_vancouver_island_to_see_38_in_bc_hydro_upgrades_expansion_over_the_next_decade.pdf,/objects/elliot_lake_news_2024_vancouver_island_to_see_38_in_bc_hydro_upgrades_expansion_over_the_next_decade.pdf,/objects/small/elliot_lake_news_2024_vancouver_island_to_see_38_in_bc_hydro_upgrades_expansion_over_the_next_decade_sm.jpg,/objects/thumbs/elliot_lake_news_2024_vancouver_island_to_see_38_in_bc_hydro_upgrades_expansion_over_the_next_decade_th.jpg
empr_report_1950.pdf,/objects/empr_report_1950.pdf,/objects/small/empr_report_1950_sm.jpg,/objects/thumbs/empr_report_1950_th.jpg
evenden_2004_fish_versus_power__an_environmental_history_of_the_fraser_river.pdf,/objects/evenden_2004_fish_versus_power__an_environmental_history_of_the_fraser_river.pdf,/objects/small/evenden_2004_fish_versus_power__an_environmental_history_of_the_fraser_river_sm.jpg,/objects/thumbs/evenden_2004_fish_versus_power__an_environmental_history_of_the_fraser_river_th.jpg
fact_sheet_managed_forest_program_information_2019.pdf,/objects/fact_sheet_managed_forest_program_information_2019.pdf,/objects/small/fact_sheet_managed_forest_program_information_2019_sm.jpg,/objects/thumbs/fact_sheet_managed_forest_program_information_2019_th.jpg
factual_record_bc_mining_submission_98_4_ffr_en.pdf,/objects/factual_record_bc_mining_submission_98_4_ffr_en.pdf,/objects/small/factual_record_bc_mining_submission_98_4_ffr_en_sm.jpg,/objects/thumbs/factual_record_bc_mining_submission_98_4_ffr_en_th.jpg
faulkner_2008_are_wfp_subdivision_application_contrary_to_the_public_interest.pdf,/objects/faulkner_2008_are_wfp_subdivision_application_contrary_to_the_public_interest.pdf,/objects/small/faulkner_2008_are_wfp_subdivision_application_contrary_to_the_public_interest_sm.jpg,/objects/thumbs/faulkner_2008_are_wfp_subdivision_application_contrary_to_the_public_interest_th.jpg
fgc_mtg_minutes_oct_17_2024_final.pdf,/objects/fgc_mtg_minutes_oct_17_2024_final.pdf,/objects/small/fgc_mtg_minutes_oct_17_2024_final_sm.jpg,/objects/thumbs/fgc_mtg_minutes_oct_17_2024_final_th.jpg
fhabc_2005_history_of_rayonier_canada_ltd__bc_forest_history_newsletter.pdf,/objects/fhabc_2005_history_of_rayonier_canada_ltd__bc_forest_history_newsletter.pdf,/objects/small/fhabc_2005_history_of_rayonier_canada_ltd__bc_forest_history_newsletter_sm.jpg,/objects/thumbs/fhabc_2005_history_of_rayonier_canada_ltd__bc_forest_history_newsletter_th.jpg
fhiip_1987_stream_summary_catalogue_20_sooke_fisheries_and_oceans.pdf,/objects/fhiip_1987_stream_summary_catalogue_20_sooke_fisheries_and_oceans.pdf,/objects/small/fhiip_1987_stream_summary_catalogue_20_sooke_fisheries_and_oceans_sm.jpg,/objects/thumbs/fhiip_1987_stream_summary_catalogue_20_sooke_fisheries_and_oceans_th.jpg
fileid_15071_1920.pdf,/objects/fileid_15071_1920.pdf,/objects/small/fileid_15071_1920_sm.jpg,/objects/thumbs/fileid_15071_1920_th.jpg
fileid_15076_1918_r1.pdf,/objects/fileid_15076_1918_r1.pdf,/objects/small/fileid_15076_1918_r1_sm.jpg,/objects/thumbs/fileid_15076_1918_r1_th.jpg
fileid_15077_1918.pdf,/objects/fileid_15077_1918.pdf,/objects/small/fileid_15077_1918_sm.jpg,/objects/thumbs/fileid_15077_1918_th.jpg
fileid_15078_1921.pdf,/objects/fileid_15078_1921.pdf,/objects/small/fileid_15078_1921_sm.jpg,/objects/thumbs/fileid_15078_1921_th.jpg
fileid_15090_1926.pdf,/objects/fileid_15090_1926.pdf,/objects/small/fileid_15090_1926_sm.jpg,/objects/thumbs/fileid_15090_1926_th.jpg
fileid_15100_1926.pdf,/objects/fileid_15100_1926.pdf,/objects/small/fileid_15100_1926_sm.jpg,/objects/thumbs/fileid_15100_1926_th.jpg
fileid_15101_1926.pdf,/objects/fileid_15101_1926.pdf,/objects/small/fileid_15101_1926_sm.jpg,/objects/thumbs/fileid_15101_1926_th.jpg
fileid_15104_1921.pdf,/objects/fileid_15104_1921.pdf,/objects/small/fileid_15104_1921_sm.jpg,/objects/thumbs/fileid_15104_1921_th.jpg
fileid_15110_1921.pdf,/objects/fileid_15110_1921.pdf,/objects/small/fileid_15110_1921_sm.jpg,/objects/thumbs/fileid_15110_1921_th.jpg
fileid_15112_1926.pdf,/objects/fileid_15112_1926.pdf,/objects/small/fileid_15112_1926_sm.jpg,/objects/thumbs/fileid_15112_1926_th.jpg
fileid_15115.pdf,/objects/fileid_15115.pdf,/objects/small/fileid_15115_sm.jpg,/objects/thumbs/fileid_15115_th.jpg
fileid_15129.pdf,/objects/fileid_15129.pdf,/objects/small/fileid_15129_sm.jpg,/objects/thumbs/fileid_15129_th.jpg
fileid_15134.pdf,/objects/fileid_15134.pdf,/objects/small/fileid_15134_sm.jpg,/objects/thumbs/fileid_15134_th.jpg
fileid_59782_1951.pdf,/objects/fileid_59782_1951.pdf,/objects/small/fileid_59782_1951_sm.jpg,/objects/thumbs/fileid_59782_1951_th.jpg
fileid_61241.pdf,/objects/fileid_61241.pdf,/objects/small/fileid_61241_sm.jpg,/objects/thumbs/fileid_61241_th.jpg
fileid_61335.pdf,/objects/fileid_61335.pdf,/objects/small/fileid_61335_sm.jpg,/objects/thumbs/fileid_61335_th.jpg
fileid_72617_1970.pdf,/objects/fileid_72617_1970.pdf,/objects/small/fileid_72617_1970_sm.jpg,/objects/thumbs/fileid_72617_1970_th.jpg
fileid_72620_1969.pdf,/objects/fileid_72620_1969.pdf,/objects/small/fileid_72620_1969_sm.jpg,/objects/thumbs/fileid_72620_1969_th.jpg
final_jordan_solar_initial_project_description_and_early_engagement_plan_19dec23_deva.pdf,/objects/final_jordan_solar_initial_project_description_and_early_engagement_plan_19dec23_deva.pdf,/objects/small/final_jordan_solar_initial_project_description_and_early_engagement_plan_19dec23_deva_sm.jpg,/objects/thumbs/final_jordan_solar_initial_project_description_and_early_engagement_plan_19dec23_deva_th.jpg
firstnationrefs.pdf,/objects/firstnationrefs.pdf,/objects/small/firstnationrefs_sm.jpg,/objects/thumbs/firstnationrefs_th.jpg
foc_1987_stream_summary_catalogue_subdistrict_20.pdf,/objects/foc_1987_stream_summary_catalogue_subdistrict_20.pdf,/objects/small/foc_1987_stream_summary_catalogue_subdistrict_20_sm.jpg,/objects/thumbs/foc_1987_stream_summary_catalogue_subdistrict_20_th.jpg
