subject,count,link
"mining",329,"http://localhost:4000/JRWA-Archive/browse.html#mining"
"hydroelectric",183,"http://localhost:4000/JRWA-Archive/browse.html#hydroelectric"
"salmon",87,"http://localhost:4000/JRWA-Archive/browse.html#salmon"
"mining reports",64,"http://localhost:4000/JRWA-Archive/browse.html#mining%20reports"
"cowichan",59,"http://localhost:4000/JRWA-Archive/browse.html#cowichan"
"settlement",45,"http://localhost:4000/JRWA-Archive/browse.html#settlement"
"sunro maps",43,"http://localhost:4000/JRWA-Archive/browse.html#sunro%20maps"
"b.c. hydro",37,"http://localhost:4000/JRWA-Archive/browse.html#b.c.%20hydro"
"restoration",36,"http://localhost:4000/JRWA-Archive/browse.html#restoration"
"bc hydro",33,"http://localhost:4000/JRWA-Archive/browse.html#bc%20hydro"
"copper",31,"http://localhost:4000/JRWA-Archive/browse.html#copper"
"logging",30,"http://localhost:4000/JRWA-Archive/browse.html#logging"
"water use plan",28,"http://localhost:4000/JRWA-Archive/browse.html#water%20use%20plan"
"map",26,"http://localhost:4000/JRWA-Archive/browse.html#map"
"contamination",25,"http://localhost:4000/JRWA-Archive/browse.html#contamination"
"sunro",25,"http://localhost:4000/JRWA-Archive/browse.html#sunro"
"fishing",24,"http://localhost:4000/JRWA-Archive/browse.html#fishing"
"pollution",24,"http://localhost:4000/JRWA-Archive/browse.html#pollution"
"research",21,"http://localhost:4000/JRWA-Archive/browse.html#research"
"mine collapse",20,"http://localhost:4000/JRWA-Archive/browse.html#mine%20collapse"
"ecology",19,"http://localhost:4000/JRWA-Archive/browse.html#ecology"
"first nations",18,"http://localhost:4000/JRWA-Archive/browse.html#first%20nations"
"spawning",18,"http://localhost:4000/JRWA-Archive/browse.html#spawning"
"teck",17,"http://localhost:4000/JRWA-Archive/browse.html#teck"
"labor",15,"http://localhost:4000/JRWA-Archive/browse.html#labor"
"tailings",14,"http://localhost:4000/JRWA-Archive/browse.html#tailings"
"b.c.e.r",13,"http://localhost:4000/JRWA-Archive/browse.html#b.c.e.r"
"geological survey",13,"http://localhost:4000/JRWA-Archive/browse.html#geological%20survey"
"mill",13,"http://localhost:4000/JRWA-Archive/browse.html#mill"
"geology",12,"http://localhost:4000/JRWA-Archive/browse.html#geology"
"traps",12,"http://localhost:4000/JRWA-Archive/browse.html#traps"
"habitat",12,"http://localhost:4000/JRWA-Archive/browse.html#habitat"
"gis",11,"http://localhost:4000/JRWA-Archive/browse.html#gis"
"digital maps",11,"http://localhost:4000/JRWA-Archive/browse.html#digital%20maps"
"new sunro maps",11,"http://localhost:4000/JRWA-Archive/browse.html#new%20sunro%20maps"
"power house",11,"http://localhost:4000/JRWA-Archive/browse.html#power%20house"
"land grant",11,"http://localhost:4000/JRWA-Archive/browse.html#land%20grant"
"mineral claim",11,"http://localhost:4000/JRWA-Archive/browse.html#mineral%20claim"
"forestry",11,"http://localhost:4000/JRWA-Archive/browse.html#forestry"
"historic maps",10,"http://localhost:4000/JRWA-Archive/browse.html#historic%20maps"
"puntledge river",10,"http://localhost:4000/JRWA-Archive/browse.html#puntledge%20river"
"water use program",10,"http://localhost:4000/JRWA-Archive/browse.html#water%20use%20program"
"habitat restoration",10,"http://localhost:4000/JRWA-Archive/browse.html#habitat%20restoration"
"gabbro",10,"http://localhost:4000/JRWA-Archive/browse.html#gabbro"
"watershed",10,"http://localhost:4000/JRWA-Archive/browse.html#watershed"
"sunloch",9,"http://localhost:4000/JRWA-Archive/browse.html#sunloch"
"pollution control",9,"http://localhost:4000/JRWA-Archive/browse.html#pollution%20control"
"historical photos",9,"http://localhost:4000/JRWA-Archive/browse.html#historical%20photos"
"2,4-d",8,"http://localhost:4000/JRWA-Archive/browse.html#2,4-d"
"mine closure",8,"http://localhost:4000/JRWA-Archive/browse.html#mine%20closure"
"mine reopening",8,"http://localhost:4000/JRWA-Archive/browse.html#mine%20reopening"
"conservation",8,"http://localhost:4000/JRWA-Archive/browse.html#conservation"
"recreation",8,"http://localhost:4000/JRWA-Archive/browse.html#recreation"
"gravel",8,"http://localhost:4000/JRWA-Archive/browse.html#gravel"
"hydro pesticide",7,"http://localhost:4000/JRWA-Archive/browse.html#hydro%20pesticide"
"surfing",7,"http://localhost:4000/JRWA-Archive/browse.html#surfing"
"remediation",7,"http://localhost:4000/JRWA-Archive/browse.html#remediation"
"discharge",7,"http://localhost:4000/JRWA-Archive/browse.html#discharge"
"water quality",7,"http://localhost:4000/JRWA-Archive/browse.html#water%20quality"
"mine repair",7,"http://localhost:4000/JRWA-Archive/browse.html#mine%20repair"
"mineral claims map",7,"http://localhost:4000/JRWA-Archive/browse.html#mineral%20claims%20map"
"report",7,"http://localhost:4000/JRWA-Archive/browse.html#report"
"toxicity",7,"http://localhost:4000/JRWA-Archive/browse.html#toxicity"
"zip file",7,"http://localhost:4000/JRWA-Archive/browse.html#zip%20file"
"water",6,"http://localhost:4000/JRWA-Archive/browse.html#water"
"sunloch mines ltd.",6,"http://localhost:4000/JRWA-Archive/browse.html#sunloch%20mines%20ltd."
"dison development ltd.",6,"http://localhost:4000/JRWA-Archive/browse.html#dison%20development%20ltd."
"protest",6,"http://localhost:4000/JRWA-Archive/browse.html#protest"
"history",6,"http://localhost:4000/JRWA-Archive/browse.html#history"
"herbicides",6,"http://localhost:4000/JRWA-Archive/browse.html#herbicides"
"watershed governance",6,"http://localhost:4000/JRWA-Archive/browse.html#watershed%20governance"
"financing",6,"http://localhost:4000/JRWA-Archive/browse.html#financing"
"dumping",6,"http://localhost:4000/JRWA-Archive/browse.html#dumping"
"george winkler",6,"http://localhost:4000/JRWA-Archive/browse.html#george%20winkler"
"indigenous fishing practices",6,"http://localhost:4000/JRWA-Archive/browse.html#indigenous%20fishing%20practices"
"land use",6,"http://localhost:4000/JRWA-Archive/browse.html#land%20use"
"mining law",6,"http://localhost:4000/JRWA-Archive/browse.html#mining%20law"
"fish",5,"http://localhost:4000/JRWA-Archive/browse.html#fish"
"concrete plugs",5,"http://localhost:4000/JRWA-Archive/browse.html#concrete%20plugs"
"cyanide",5,"http://localhost:4000/JRWA-Archive/browse.html#cyanide"
"estuary",5,"http://localhost:4000/JRWA-Archive/browse.html#estuary"
"fisheries",5,"http://localhost:4000/JRWA-Archive/browse.html#fisheries"
"landslide",5,"http://localhost:4000/JRWA-Archive/browse.html#landslide"
"effluent",5,"http://localhost:4000/JRWA-Archive/browse.html#effluent"
"plants",5,"http://localhost:4000/JRWA-Archive/browse.html#plants"
"ecological damage",5,"http://localhost:4000/JRWA-Archive/browse.html#ecological%20damage"
"economics",5,"http://localhost:4000/JRWA-Archive/browse.html#economics"
"development",5,"http://localhost:4000/JRWA-Archive/browse.html#development"
"woodwaste",5,"http://localhost:4000/JRWA-Archive/browse.html#woodwaste"
"landfill",5,"http://localhost:4000/JRWA-Archive/browse.html#landfill"
"environmental assessment",5,"http://localhost:4000/JRWA-Archive/browse.html#environmental%20assessment"
"geography",5,"http://localhost:4000/JRWA-Archive/browse.html#geography"
"sooke",5,"http://localhost:4000/JRWA-Archive/browse.html#sooke"
"pacheedaht",5,"http://localhost:4000/JRWA-Archive/browse.html#pacheedaht"
"adit portal",5,"http://localhost:4000/JRWA-Archive/browse.html#adit%20portal"
"water chemistry",5,"http://localhost:4000/JRWA-Archive/browse.html#water%20chemistry"
"regional ecology",4,"http://localhost:4000/JRWA-Archive/browse.html#regional%20ecology"
"human health risks",4,"http://localhost:4000/JRWA-Archive/browse.html#human%20health%20risks"
"sidechannel construction",4,"http://localhost:4000/JRWA-Archive/browse.html#sidechannel%20construction"
"terrestrial ecological risks",4,"http://localhost:4000/JRWA-Archive/browse.html#terrestrial%20ecological%20risks"
"j. h. todd & sons",4,"http://localhost:4000/JRWA-Archive/browse.html#j.%20h.%20todd%20&%20sons"
"canning",4,"http://localhost:4000/JRWA-Archive/browse.html#canning"
"power plant fire",4,"http://localhost:4000/JRWA-Archive/browse.html#power%20plant%20fire"
"settling pond",4,"http://localhost:4000/JRWA-Archive/browse.html#settling%20pond"
"indigenous peoples",4,"http://localhost:4000/JRWA-Archive/browse.html#indigenous%20peoples"
"smelting",4,"http://localhost:4000/JRWA-Archive/browse.html#smelting"
"resource management",4,"http://localhost:4000/JRWA-Archive/browse.html#resource%20management"
"production",4,"http://localhost:4000/JRWA-Archive/browse.html#production"
"stewardship",4,"http://localhost:4000/JRWA-Archive/browse.html#stewardship"
"stock manipulation",4,"http://localhost:4000/JRWA-Archive/browse.html#stock%20manipulation"
"mining sites",4,"http://localhost:4000/JRWA-Archive/browse.html#mining%20sites"
"mine remediation",4,"http://localhost:4000/JRWA-Archive/browse.html#mine%20remediation"
"ozzie macdonald",4,"http://localhost:4000/JRWA-Archive/browse.html#ozzie%20macdonald"
"william venables",4,"http://localhost:4000/JRWA-Archive/browse.html#william%20venables"
"facebook comment",4,"http://localhost:4000/JRWA-Archive/browse.html#facebook%20comment"
"dam",4,"http://localhost:4000/JRWA-Archive/browse.html#dam"
"hearing",4,"http://localhost:4000/JRWA-Archive/browse.html#hearing"
"historical review",4,"http://localhost:4000/JRWA-Archive/browse.html#historical%20review"
"stock assessment",4,"http://localhost:4000/JRWA-Archive/browse.html#stock%20assessment"
"salmon stock assessment",4,"http://localhost:4000/JRWA-Archive/browse.html#salmon%20stock%20assessment"
"fauna, salmon",3,"http://localhost:4000/JRWA-Archive/browse.html#fauna,%20salmon"
"water birds",3,"http://localhost:4000/JRWA-Archive/browse.html#water%20birds"
"aquisition",3,"http://localhost:4000/JRWA-Archive/browse.html#aquisition"
"red alder",3,"http://localhost:4000/JRWA-Archive/browse.html#red%20alder"
"tunnel",3,"http://localhost:4000/JRWA-Archive/browse.html#tunnel"
"herbicide",3,"http://localhost:4000/JRWA-Archive/browse.html#herbicide"
"iron",3,"http://localhost:4000/JRWA-Archive/browse.html#iron"
"indigenous community",3,"http://localhost:4000/JRWA-Archive/browse.html#indigenous%20community"
"prospecting",3,"http://localhost:4000/JRWA-Archive/browse.html#prospecting"
"erosion",3,"http://localhost:4000/JRWA-Archive/browse.html#erosion"
"investment",3,"http://localhost:4000/JRWA-Archive/browse.html#investment"
"milling",3,"http://localhost:4000/JRWA-Archive/browse.html#milling"
"bats",3,"http://localhost:4000/JRWA-Archive/browse.html#bats"
"recession",3,"http://localhost:4000/JRWA-Archive/browse.html#recession"
"ministry of energy and mining",3,"http://localhost:4000/JRWA-Archive/browse.html#ministry%20of%20energy%20and%20mining"
"sections and diagrams",3,"http://localhost:4000/JRWA-Archive/browse.html#sections%20and%20diagrams"
"mine and mill process",3,"http://localhost:4000/JRWA-Archive/browse.html#mine%20and%20mill%20process"
"pollution management",3,"http://localhost:4000/JRWA-Archive/browse.html#pollution%20management"
"study",3,"http://localhost:4000/JRWA-Archive/browse.html#study"
"wages",3,"http://localhost:4000/JRWA-Archive/browse.html#wages"
"pollution control board",3,"http://localhost:4000/JRWA-Archive/browse.html#pollution%20control%20board"
"ore deposits",3,"http://localhost:4000/JRWA-Archive/browse.html#ore%20deposits"
"fish study",3,"http://localhost:4000/JRWA-Archive/browse.html#fish%20study"
"pollution monitoring",3,"http://localhost:4000/JRWA-Archive/browse.html#pollution%20monitoring"
"japan",3,"http://localhost:4000/JRWA-Archive/browse.html#japan"
"geochemical",3,"http://localhost:4000/JRWA-Archive/browse.html#geochemical"
"seaweed",3,"http://localhost:4000/JRWA-Archive/browse.html#seaweed"
"drill bit",3,"http://localhost:4000/JRWA-Archive/browse.html#drill%20bit"
"discharge pipe",3,"http://localhost:4000/JRWA-Archive/browse.html#discharge%20pipe"
"ore deposit",3,"http://localhost:4000/JRWA-Archive/browse.html#ore%20deposit"
"profit estimation",3,"http://localhost:4000/JRWA-Archive/browse.html#profit%20estimation"
"b.c. electric company",3,"http://localhost:4000/JRWA-Archive/browse.html#b.c.%20electric%20company"
"booming",3,"http://localhost:4000/JRWA-Archive/browse.html#booming"
"tordon 10k",3,"http://localhost:4000/JRWA-Archive/browse.html#tordon%2010k"
"environmental management",3,"http://localhost:4000/JRWA-Archive/browse.html#environmental%20management"
"juan de fuca salmon restoration society",3,"http://localhost:4000/JRWA-Archive/browse.html#juan%20de%20fuca%20salmon%20restoration%20society"
"guardian program",3,"http://localhost:4000/JRWA-Archive/browse.html#guardian%20program"
"railway",3,"http://localhost:4000/JRWA-Archive/browse.html#railway"
"ecological risk assessment",3,"http://localhost:4000/JRWA-Archive/browse.html#ecological%20risk%20assessment"
"traditional practices",3,"http://localhost:4000/JRWA-Archive/browse.html#traditional%20practices"
"contamination clean up",3,"http://localhost:4000/JRWA-Archive/browse.html#contamination%20clean%20up"
"project application",3,"http://localhost:4000/JRWA-Archive/browse.html#project%20application"
"copper sampling",3,"http://localhost:4000/JRWA-Archive/browse.html#copper%20sampling"
"hydrogeology",3,"http://localhost:4000/JRWA-Archive/browse.html#hydrogeology"
"the jordan river lumber company",3,"http://localhost:4000/JRWA-Archive/browse.html#the%20jordan%20river%20lumber%20company"
"first nations peoples",3,"http://localhost:4000/JRWA-Archive/browse.html#first%20nations%20peoples"
"road",3,"http://localhost:4000/JRWA-Archive/browse.html#road"
"abandoned mines",3,"http://localhost:4000/JRWA-Archive/browse.html#abandoned%20mines"
"sunro mine",3,"http://localhost:4000/JRWA-Archive/browse.html#sunro%20mine"
"fish inventory",3,"http://localhost:4000/JRWA-Archive/browse.html#fish%20inventory"
"salmon canning",3,"http://localhost:4000/JRWA-Archive/browse.html#salmon%20canning"
"waste rock piles",3,"http://localhost:4000/JRWA-Archive/browse.html#waste%20rock%20piles"
"workers",3,"http://localhost:4000/JRWA-Archive/browse.html#workers"
"food systems",3,"http://localhost:4000/JRWA-Archive/browse.html#food%20systems"
"dam decommissioning",3,"http://localhost:4000/JRWA-Archive/browse.html#dam%20decommissioning"
"settler colonialism",3,"http://localhost:4000/JRWA-Archive/browse.html#settler%20colonialism"
"fish population",3,"http://localhost:4000/JRWA-Archive/browse.html#fish%20population"
"copper contamination",3,"http://localhost:4000/JRWA-Archive/browse.html#copper%20contamination"
"stream networks",3,"http://localhost:4000/JRWA-Archive/browse.html#stream%20networks"
"dam management",3,"http://localhost:4000/JRWA-Archive/browse.html#dam%20management"
"mineral deposits",2,"http://localhost:4000/JRWA-Archive/browse.html#mineral%20deposits"
"bioenergetics",2,"http://localhost:4000/JRWA-Archive/browse.html#bioenergetics"
"logging closure",2,"http://localhost:4000/JRWA-Archive/browse.html#logging%20closure"
"advocacy",2,"http://localhost:4000/JRWA-Archive/browse.html#advocacy"
"biology",2,"http://localhost:4000/JRWA-Archive/browse.html#biology"
"openings",2,"http://localhost:4000/JRWA-Archive/browse.html#openings"
"dams",2,"http://localhost:4000/JRWA-Archive/browse.html#dams"
"indigenous nations",2,"http://localhost:4000/JRWA-Archive/browse.html#indigenous%20nations"
"land aquisition",2,"http://localhost:4000/JRWA-Archive/browse.html#land%20aquisition"
"rehabilitation",2,"http://localhost:4000/JRWA-Archive/browse.html#rehabilitation"
"diagrams",2,"http://localhost:4000/JRWA-Archive/browse.html#diagrams"
"sections",2,"http://localhost:4000/JRWA-Archive/browse.html#sections"
"axons",2,"http://localhost:4000/JRWA-Archive/browse.html#axons"
"closures",2,"http://localhost:4000/JRWA-Archive/browse.html#closures"
"water temperature",2,"http://localhost:4000/JRWA-Archive/browse.html#water%20temperature"
"spawning: flow management",2,"http://localhost:4000/JRWA-Archive/browse.html#spawning:%20flow%20management"
"sediments",2,"http://localhost:4000/JRWA-Archive/browse.html#sediments"
"floodplain",2,"http://localhost:4000/JRWA-Archive/browse.html#floodplain"
"clam garden",2,"http://localhost:4000/JRWA-Archive/browse.html#clam%20garden"
"bed scouring",2,"http://localhost:4000/JRWA-Archive/browse.html#bed%20scouring"
"environmental governance",2,"http://localhost:4000/JRWA-Archive/browse.html#environmental%20governance"
"collaboration",2,"http://localhost:4000/JRWA-Archive/browse.html#collaboration"
"local watershed entities",2,"http://localhost:4000/JRWA-Archive/browse.html#local%20watershed%20entities"
"basin overbuilding",2,"http://localhost:4000/JRWA-Archive/browse.html#basin%20overbuilding"
"supply-management",2,"http://localhost:4000/JRWA-Archive/browse.html#supply-management"
"environmental damage",2,"http://localhost:4000/JRWA-Archive/browse.html#environmental%20damage"
"tsolum river restoration",2,"http://localhost:4000/JRWA-Archive/browse.html#tsolum%20river%20restoration"
"food supply",2,"http://localhost:4000/JRWA-Archive/browse.html#food%20supply"
"electrification",2,"http://localhost:4000/JRWA-Archive/browse.html#electrification"
"mineral wealth",2,"http://localhost:4000/JRWA-Archive/browse.html#mineral%20wealth"
"survey",2,"http://localhost:4000/JRWA-Archive/browse.html#survey"
"food chain",2,"http://localhost:4000/JRWA-Archive/browse.html#food%20chain"
"criminal case",2,"http://localhost:4000/JRWA-Archive/browse.html#criminal%20case"
"mining technique",2,"http://localhost:4000/JRWA-Archive/browse.html#mining%20technique"
"justice",2,"http://localhost:4000/JRWA-Archive/browse.html#justice"
"dow chemicals",2,"http://localhost:4000/JRWA-Archive/browse.html#dow%20chemicals"
"reopening mine",2,"http://localhost:4000/JRWA-Archive/browse.html#reopening%20mine"
"pollution permit rejection",2,"http://localhost:4000/JRWA-Archive/browse.html#pollution%20permit%20rejection"
"pesticides",2,"http://localhost:4000/JRWA-Archive/browse.html#pesticides"
"mining violations",2,"http://localhost:4000/JRWA-Archive/browse.html#mining%20violations"
"fisheries act",2,"http://localhost:4000/JRWA-Archive/browse.html#fisheries%20act"
"mining industry publication",2,"http://localhost:4000/JRWA-Archive/browse.html#mining%20industry%20publication"
"ministry of energy",2,"http://localhost:4000/JRWA-Archive/browse.html#ministry%20of%20energy"
"metal leaching",2,"http://localhost:4000/JRWA-Archive/browse.html#metal%20leaching"
"integrated land use",2,"http://localhost:4000/JRWA-Archive/browse.html#integrated%20land%20use"
"water quality regulation",2,"http://localhost:4000/JRWA-Archive/browse.html#water%20quality%20regulation"
"wildlife protection",2,"http://localhost:4000/JRWA-Archive/browse.html#wildlife%20protection"
"acquisition",2,"http://localhost:4000/JRWA-Archive/browse.html#acquisition"
"fish habitat health",2,"http://localhost:4000/JRWA-Archive/browse.html#fish%20habitat%20health"
"copper mine tailings",2,"http://localhost:4000/JRWA-Archive/browse.html#copper%20mine%20tailings"
"dam construction",2,"http://localhost:4000/JRWA-Archive/browse.html#dam%20construction"
"ecosystem",2,"http://localhost:4000/JRWA-Archive/browse.html#ecosystem"
"environmental damages fund",2,"http://localhost:4000/JRWA-Archive/browse.html#environmental%20damages%20fund"
"gold mine tailings",2,"http://localhost:4000/JRWA-Archive/browse.html#gold%20mine%20tailings"
"metal–metalloid components",2,"http://localhost:4000/JRWA-Archive/browse.html#metal%E2%80%93metalloid%20components"
"non-metal components",2,"http://localhost:4000/JRWA-Archive/browse.html#non-metal%20components"
"book",2,"http://localhost:4000/JRWA-Archive/browse.html#book"
"diversion dam",2,"http://localhost:4000/JRWA-Archive/browse.html#diversion%20dam"
"elliot dam",2,"http://localhost:4000/JRWA-Archive/browse.html#elliot%20dam"
"metallurgical reagents",2,"http://localhost:4000/JRWA-Archive/browse.html#metallurgical%20reagents"
"acid rock drainage",2,"http://localhost:4000/JRWA-Archive/browse.html#acid%20rock%20drainage"
"powerhouse",2,"http://localhost:4000/JRWA-Archive/browse.html#powerhouse"
"dam risks",2,"http://localhost:4000/JRWA-Archive/browse.html#dam%20risks"
"environmental justice",2,"http://localhost:4000/JRWA-Archive/browse.html#environmental%20justice"
"reparative planning",2,"http://localhost:4000/JRWA-Archive/browse.html#reparative%20planning"
"metal leaching potential",2,"http://localhost:4000/JRWA-Archive/browse.html#metal%20leaching%20potential"
"ownership",2,"http://localhost:4000/JRWA-Archive/browse.html#ownership"
"nuclear",2,"http://localhost:4000/JRWA-Archive/browse.html#nuclear"
"drained reservoir",2,"http://localhost:4000/JRWA-Archive/browse.html#drained%20reservoir"
"tree snags",2,"http://localhost:4000/JRWA-Archive/browse.html#tree%20snags"
"bc gold rush",2,"http://localhost:4000/JRWA-Archive/browse.html#bc%20gold%20rush"
"risks",2,"http://localhost:4000/JRWA-Archive/browse.html#risks"
"colonial modernity",2,"http://localhost:4000/JRWA-Archive/browse.html#colonial%20modernity"
"responsible tailings management",2,"http://localhost:4000/JRWA-Archive/browse.html#responsible%20tailings%20management"
"1862 smallpox epidemic",2,"http://localhost:4000/JRWA-Archive/browse.html#1862%20smallpox%20epidemic"
"property ownership",2,"http://localhost:4000/JRWA-Archive/browse.html#property%20ownership"
"historical mines",2,"http://localhost:4000/JRWA-Archive/browse.html#historical%20mines"
"minerals",2,"http://localhost:4000/JRWA-Archive/browse.html#minerals"
"continued mining recommendation",2,"http://localhost:4000/JRWA-Archive/browse.html#continued%20mining%20recommendation"
"fishing rights",2,"http://localhost:4000/JRWA-Archive/browse.html#fishing%20rights"
"new sunro",2,"http://localhost:4000/JRWA-Archive/browse.html#new%20sunro"
"sooke harbour fishing and packing company",2,"http://localhost:4000/JRWA-Archive/browse.html#sooke%20harbour%20fishing%20and%20packing%20company"
"power plant",2,"http://localhost:4000/JRWA-Archive/browse.html#power%20plant"
"water pumps",2,"http://localhost:4000/JRWA-Archive/browse.html#water%20pumps"
"solar",2,"http://localhost:4000/JRWA-Archive/browse.html#solar"
"energy storage",2,"http://localhost:4000/JRWA-Archive/browse.html#energy%20storage"
"reopening",2,"http://localhost:4000/JRWA-Archive/browse.html#reopening"
"riparian areas",2,"http://localhost:4000/JRWA-Archive/browse.html#riparian%20areas"
"lakes",2,"http://localhost:4000/JRWA-Archive/browse.html#lakes"
"river",2,"http://localhost:4000/JRWA-Archive/browse.html#river"
"reservoir",2,"http://localhost:4000/JRWA-Archive/browse.html#reservoir"
"cowichan copper company",2,"http://localhost:4000/JRWA-Archive/browse.html#cowichan%20copper%20company"
"hydrology",2,"http://localhost:4000/JRWA-Archive/browse.html#hydrology"
"flood",2,"http://localhost:4000/JRWA-Archive/browse.html#flood"
"mine development assessment process",2,"http://localhost:4000/JRWA-Archive/browse.html#mine%20development%20assessment%20process"
"regulation",2,"http://localhost:4000/JRWA-Archive/browse.html#regulation"
"discovery",2,"http://localhost:4000/JRWA-Archive/browse.html#discovery"
"gold",2,"http://localhost:4000/JRWA-Archive/browse.html#gold"
"mining map",1,"http://localhost:4000/JRWA-Archive/browse.html#mining%20map"
"closed mines",1,"http://localhost:4000/JRWA-Archive/browse.html#closed%20mines"
"old map",1,"http://localhost:4000/JRWA-Archive/browse.html#old%20map"
"geology map",1,"http://localhost:4000/JRWA-Archive/browse.html#geology%20map"
"salmonids",1,"http://localhost:4000/JRWA-Archive/browse.html#salmonids"
"british columbia",1,"http://localhost:4000/JRWA-Archive/browse.html#british%20columbia"
"railroad land grants",1,"http://localhost:4000/JRWA-Archive/browse.html#railroad%20land%20grants"
"fish repopulation",1,"http://localhost:4000/JRWA-Archive/browse.html#fish%20repopulation"
"fish index",1,"http://localhost:4000/JRWA-Archive/browse.html#fish%20index"
"inflow monitoring",1,"http://localhost:4000/JRWA-Archive/browse.html#inflow%20monitoring"
"antirelationality",1,"http://localhost:4000/JRWA-Archive/browse.html#antirelationality"
"juridical inquiry",1,"http://localhost:4000/JRWA-Archive/browse.html#juridical%20inquiry"
"salmon restocking",1,"http://localhost:4000/JRWA-Archive/browse.html#salmon%20restocking"
"park",1,"http://localhost:4000/JRWA-Archive/browse.html#park"
"sediment",1,"http://localhost:4000/JRWA-Archive/browse.html#sediment"
"biodiversity",1,"http://localhost:4000/JRWA-Archive/browse.html#biodiversity"
"temporary liner",1,"http://localhost:4000/JRWA-Archive/browse.html#temporary%20liner"
"water quality monitoring",1,"http://localhost:4000/JRWA-Archive/browse.html#water%20quality%20monitoring"
"new sunro copper ltd.",1,"http://localhost:4000/JRWA-Archive/browse.html#new%20sunro%20copper%20ltd."
"mineralization",1,"http://localhost:4000/JRWA-Archive/browse.html#mineralization"
"mineral assessment",1,"http://localhost:4000/JRWA-Archive/browse.html#mineral%20assessment"
"management in place",1,"http://localhost:4000/JRWA-Archive/browse.html#management%20in%20place"
"sulphide leaching",1,"http://localhost:4000/JRWA-Archive/browse.html#sulphide%20leaching"
"property location",1,"http://localhost:4000/JRWA-Archive/browse.html#property%20location"
"regional geology",1,"http://localhost:4000/JRWA-Archive/browse.html#regional%20geology"
"valentine mountain",1,"http://localhost:4000/JRWA-Archive/browse.html#valentine%20mountain"
"coal",1,"http://localhost:4000/JRWA-Archive/browse.html#coal"
"metal prices",1,"http://localhost:4000/JRWA-Archive/browse.html#metal%20prices"
"accident reports",1,"http://localhost:4000/JRWA-Archive/browse.html#accident%20reports"
"cover",1,"http://localhost:4000/JRWA-Archive/browse.html#cover"
"mineral claims",1,"http://localhost:4000/JRWA-Archive/browse.html#mineral%20claims"
"mineral survey",1,"http://localhost:4000/JRWA-Archive/browse.html#mineral%20survey"
"floatation",1,"http://localhost:4000/JRWA-Archive/browse.html#floatation"
"sustainability",1,"http://localhost:4000/JRWA-Archive/browse.html#sustainability"
"stream assessment",1,"http://localhost:4000/JRWA-Archive/browse.html#stream%20assessment"
"sediment composition",1,"http://localhost:4000/JRWA-Archive/browse.html#sediment%20composition"
"salmonid",1,"http://localhost:4000/JRWA-Archive/browse.html#salmonid"
"commercial fisheries",1,"http://localhost:4000/JRWA-Archive/browse.html#commercial%20fisheries"
"property sale",1,"http://localhost:4000/JRWA-Archive/browse.html#property%20sale"
"fish stock",1,"http://localhost:4000/JRWA-Archive/browse.html#fish%20stock"
"salmonid enhancement program",1,"http://localhost:4000/JRWA-Archive/browse.html#salmonid%20enhancement%20program"
"foreshore rights",1,"http://localhost:4000/JRWA-Archive/browse.html#foreshore%20rights"
"funding",1,"http://localhost:4000/JRWA-Archive/browse.html#funding"
"restoration spawning",1,"http://localhost:4000/JRWA-Archive/browse.html#restoration%20spawning"
"technical report",1,"http://localhost:4000/JRWA-Archive/browse.html#technical%20report"
"scouring",1,"http://localhost:4000/JRWA-Archive/browse.html#scouring"
"fish hatcheries",1,"http://localhost:4000/JRWA-Archive/browse.html#fish%20hatcheries"
"lifecycle",1,"http://localhost:4000/JRWA-Archive/browse.html#lifecycle"
"interconnectedness",1,"http://localhost:4000/JRWA-Archive/browse.html#interconnectedness"
"sand",1,"http://localhost:4000/JRWA-Archive/browse.html#sand"
"cave in",1,"http://localhost:4000/JRWA-Archive/browse.html#cave%20in"
"repair costs",1,"http://localhost:4000/JRWA-Archive/browse.html#repair%20costs"
"environmentalism",1,"http://localhost:4000/JRWA-Archive/browse.html#environmentalism"
"estuaries",1,"http://localhost:4000/JRWA-Archive/browse.html#estuaries"
"shipwreck",1,"http://localhost:4000/JRWA-Archive/browse.html#shipwreck"
"cable",1,"http://localhost:4000/JRWA-Archive/browse.html#cable"
"real estate",1,"http://localhost:4000/JRWA-Archive/browse.html#real%20estate"
"canadian national railway",1,"http://localhost:4000/JRWA-Archive/browse.html#canadian%20national%20railway"
"electric power",1,"http://localhost:4000/JRWA-Archive/browse.html#electric%20power"
"lumber",1,"http://localhost:4000/JRWA-Archive/browse.html#lumber"
"lease",1,"http://localhost:4000/JRWA-Archive/browse.html#lease"
"preservation",1,"http://localhost:4000/JRWA-Archive/browse.html#preservation"
"otter point",1,"http://localhost:4000/JRWA-Archive/browse.html#otter%20point"
"casualty",1,"http://localhost:4000/JRWA-Archive/browse.html#casualty"
"whale hunting",1,"http://localhost:4000/JRWA-Archive/browse.html#whale%20hunting"
"drowning",1,"http://localhost:4000/JRWA-Archive/browse.html#drowning"
"land grants",1,"http://localhost:4000/JRWA-Archive/browse.html#land%20grants"
"loggin",1,"http://localhost:4000/JRWA-Archive/browse.html#loggin"
"log boom",1,"http://localhost:4000/JRWA-Archive/browse.html#log%20boom"
"island logging company",1,"http://localhost:4000/JRWA-Archive/browse.html#island%20logging%20company"
"itt industries canada",1,"http://localhost:4000/JRWA-Archive/browse.html#itt%20industries%20canada"
"rayonier canada",1,"http://localhost:4000/JRWA-Archive/browse.html#rayonier%20canada"
"tacoma",1,"http://localhost:4000/JRWA-Archive/browse.html#tacoma"
"shiping",1,"http://localhost:4000/JRWA-Archive/browse.html#shiping"
"consolidated mining and smelting company",1,"http://localhost:4000/JRWA-Archive/browse.html#consolidated%20mining%20and%20smelting%20company"
"dam, ww2",1,"http://localhost:4000/JRWA-Archive/browse.html#dam,%20ww2"
"exploitation",1,"http://localhost:4000/JRWA-Archive/browse.html#exploitation"
"colonialism",1,"http://localhost:4000/JRWA-Archive/browse.html#colonialism"
"enterprise",1,"http://localhost:4000/JRWA-Archive/browse.html#enterprise"
"forestry. lumner",1,"http://localhost:4000/JRWA-Archive/browse.html#forestry.%20lumner"
"flume",1,"http://localhost:4000/JRWA-Archive/browse.html#flume"
"electricity grid expansion",1,"http://localhost:4000/JRWA-Archive/browse.html#electricity%20grid%20expansion"
"glines canyon dam",1,"http://localhost:4000/JRWA-Archive/browse.html#glines%20canyon%20dam"
"public interest",1,"http://localhost:4000/JRWA-Archive/browse.html#public%20interest"
"politics",1,"http://localhost:4000/JRWA-Archive/browse.html#politics"
"science",1,"http://localhost:4000/JRWA-Archive/browse.html#science"
"anti relationality",1,"http://localhost:4000/JRWA-Archive/browse.html#anti%20relationality"
"mount polley mine disaster",1,"http://localhost:4000/JRWA-Archive/browse.html#mount%20polley%20mine%20disaster"
"local and traditional knowledge",1,"http://localhost:4000/JRWA-Archive/browse.html#local%20and%20traditional%20knowledge"
"citizen participation",1,"http://localhost:4000/JRWA-Archive/browse.html#citizen%20participation"
"public involvement",1,"http://localhost:4000/JRWA-Archive/browse.html#public%20involvement"
"compromised environmentalism",1,"http://localhost:4000/JRWA-Archive/browse.html#compromised%20environmentalism"
"regional planning",1,"http://localhost:4000/JRWA-Archive/browse.html#regional%20planning"
"prison",1,"http://localhost:4000/JRWA-Archive/browse.html#prison"
"canadian overseas log and lumber ltd",1,"http://localhost:4000/JRWA-Archive/browse.html#canadian%20overseas%20log%20and%20lumber%20ltd"
"settler",1,"http://localhost:4000/JRWA-Archive/browse.html#settler"
"fossils, settler",1,"http://localhost:4000/JRWA-Archive/browse.html#fossils,%20settler"
"fish traps",1,"http://localhost:4000/JRWA-Archive/browse.html#fish%20traps"
"oral history",1,"http://localhost:4000/JRWA-Archive/browse.html#oral%20history"
"mcleod lake indian band",1,"http://localhost:4000/JRWA-Archive/browse.html#mcleod%20lake%20indian%20band"
"land agreement",1,"http://localhost:4000/JRWA-Archive/browse.html#land%20agreement"
"guardian programs",1,"http://localhost:4000/JRWA-Archive/browse.html#guardian%20programs"
"treaty",1,"http://localhost:4000/JRWA-Archive/browse.html#treaty"
"river diversion",1,"http://localhost:4000/JRWA-Archive/browse.html#river%20diversion"
"legal case",1,"http://localhost:4000/JRWA-Archive/browse.html#legal%20case"
"canada water agency",1,"http://localhost:4000/JRWA-Archive/browse.html#canada%20water%20agency"
"indigenous",1,"http://localhost:4000/JRWA-Archive/browse.html#indigenous"
"ethnobotany",1,"http://localhost:4000/JRWA-Archive/browse.html#ethnobotany"
"prospector",1,"http://localhost:4000/JRWA-Archive/browse.html#prospector"
"railcar",1,"http://localhost:4000/JRWA-Archive/browse.html#railcar"
"forebay pond",1,"http://localhost:4000/JRWA-Archive/browse.html#forebay%20pond"
"coastline",1,"http://localhost:4000/JRWA-Archive/browse.html#coastline"
"b.c forest products",1,"http://localhost:4000/JRWA-Archive/browse.html#b.c%20forest%20products"
"taxpayers",1,"http://localhost:4000/JRWA-Archive/browse.html#taxpayers"
"activism",1,"http://localhost:4000/JRWA-Archive/browse.html#activism"
"mineralogy",1,"http://localhost:4000/JRWA-Archive/browse.html#mineralogy"
"reclamation",1,"http://localhost:4000/JRWA-Archive/browse.html#reclamation"
"law amendment",1,"http://localhost:4000/JRWA-Archive/browse.html#law%20amendment"
"hydroelectric labor",1,"http://localhost:4000/JRWA-Archive/browse.html#hydroelectric%20labor"
"vancouver island power",1,"http://localhost:4000/JRWA-Archive/browse.html#vancouver%20island%20power"
"engineered wetland",1,"http://localhost:4000/JRWA-Archive/browse.html#engineered%20wetland"
"wood waste landfill",1,"http://localhost:4000/JRWA-Archive/browse.html#wood%20waste%20landfill"
"toxicity testing",1,"http://localhost:4000/JRWA-Archive/browse.html#toxicity%20testing"
"pollution exposure",1,"http://localhost:4000/JRWA-Archive/browse.html#pollution%20exposure"
"zinc",1,"http://localhost:4000/JRWA-Archive/browse.html#zinc"
"development plan",1,"http://localhost:4000/JRWA-Archive/browse.html#development%20plan"
"historic transportation",1,"http://localhost:4000/JRWA-Archive/browse.html#historic%20transportation"
"water spring",1,"http://localhost:4000/JRWA-Archive/browse.html#water%20spring"
"environmental planning",1,"http://localhost:4000/JRWA-Archive/browse.html#environmental%20planning"
"adaptation",1,"http://localhost:4000/JRWA-Archive/browse.html#adaptation"
"environment",1,"http://localhost:4000/JRWA-Archive/browse.html#environment"
"transportation",1,"http://localhost:4000/JRWA-Archive/browse.html#transportation"
"hydroelectric development",1,"http://localhost:4000/JRWA-Archive/browse.html#hydroelectric%20development"
"energy development",1,"http://localhost:4000/JRWA-Archive/browse.html#energy%20development"
"world war ii",1,"http://localhost:4000/JRWA-Archive/browse.html#world%20war%20ii"
"forest management",1,"http://localhost:4000/JRWA-Archive/browse.html#forest%20management"
"forest economics",1,"http://localhost:4000/JRWA-Archive/browse.html#forest%20economics"
"project proposal",1,"http://localhost:4000/JRWA-Archive/browse.html#project%20proposal"
"bears",1,"http://localhost:4000/JRWA-Archive/browse.html#bears"
"jordan river hydro other reports",1,"http://localhost:4000/JRWA-Archive/browse.html#jordan%20river%20hydro%20other%20reports"
"revegetation",1,"http://localhost:4000/JRWA-Archive/browse.html#revegetation"
"vegetation",1,"http://localhost:4000/JRWA-Archive/browse.html#vegetation"
"wetland",1,"http://localhost:4000/JRWA-Archive/browse.html#wetland"
"energy plan",1,"http://localhost:4000/JRWA-Archive/browse.html#energy%20plan"
"independent power producers",1,"http://localhost:4000/JRWA-Archive/browse.html#independent%20power%20producers"
"climate change",1,"http://localhost:4000/JRWA-Archive/browse.html#climate%20change"
"mineral royalties act",1,"http://localhost:4000/JRWA-Archive/browse.html#mineral%20royalties%20act"
"pollution disposal",1,"http://localhost:4000/JRWA-Archive/browse.html#pollution%20disposal"
"pollution permit",1,"http://localhost:4000/JRWA-Archive/browse.html#pollution%20permit"
"scientific pollution and environmental control society",1,"http://localhost:4000/JRWA-Archive/browse.html#scientific%20pollution%20and%20environmental%20control%20society"
"copper pollution",1,"http://localhost:4000/JRWA-Archive/browse.html#copper%20pollution"
"fine",1,"http://localhost:4000/JRWA-Archive/browse.html#fine"
"monitoring",1,"http://localhost:4000/JRWA-Archive/browse.html#monitoring"
"sidechannel",1,"http://localhost:4000/JRWA-Archive/browse.html#sidechannel"
"fish: salmon",1,"http://localhost:4000/JRWA-Archive/browse.html#fish:%20salmon"
"water testing",1,"http://localhost:4000/JRWA-Archive/browse.html#water%20testing"
"metal testing",1,"http://localhost:4000/JRWA-Archive/browse.html#metal%20testing"
"water levels",1,"http://localhost:4000/JRWA-Archive/browse.html#water%20levels"
"fish migration",1,"http://localhost:4000/JRWA-Archive/browse.html#fish%20migration"
"water power",1,"http://localhost:4000/JRWA-Archive/browse.html#water%20power"
"vancouver island power company",1,"http://localhost:4000/JRWA-Archive/browse.html#vancouver%20island%20power%20company"
"section",1,"http://localhost:4000/JRWA-Archive/browse.html#section"
"watershed description",1,"http://localhost:4000/JRWA-Archive/browse.html#watershed%20description"
"weather patterns",1,"http://localhost:4000/JRWA-Archive/browse.html#weather%20patterns"
"power development",1,"http://localhost:4000/JRWA-Archive/browse.html#power%20development"
"management",1,"http://localhost:4000/JRWA-Archive/browse.html#management"
"environmental history",1,"http://localhost:4000/JRWA-Archive/browse.html#environmental%20history"
"speech",1,"http://localhost:4000/JRWA-Archive/browse.html#speech"
"british columbia hydro and power authority",1,"http://localhost:4000/JRWA-Archive/browse.html#british%20columbia%20hydro%20and%20power%20authority"
"pipeline",1,"http://localhost:4000/JRWA-Archive/browse.html#pipeline"
"sales",1,"http://localhost:4000/JRWA-Archive/browse.html#sales"
"watershed alienation",1,"http://localhost:4000/JRWA-Archive/browse.html#watershed%20alienation"
"court",1,"http://localhost:4000/JRWA-Archive/browse.html#court"
"legal action",1,"http://localhost:4000/JRWA-Archive/browse.html#legal%20action"
"aetna",1,"http://localhost:4000/JRWA-Archive/browse.html#aetna"
"mercantile bank of canada",1,"http://localhost:4000/JRWA-Archive/browse.html#mercantile%20bank%20of%20canada"
"investments",1,"http://localhost:4000/JRWA-Archive/browse.html#investments"
"debts",1,"http://localhost:4000/JRWA-Archive/browse.html#debts"
"loan",1,"http://localhost:4000/JRWA-Archive/browse.html#loan"
"creditors",1,"http://localhost:4000/JRWA-Archive/browse.html#creditors"
"mill diagram",1,"http://localhost:4000/JRWA-Archive/browse.html#mill%20diagram"
"mine diagram",1,"http://localhost:4000/JRWA-Archive/browse.html#mine%20diagram"
"financials",1,"http://localhost:4000/JRWA-Archive/browse.html#financials"
"liabilities",1,"http://localhost:4000/JRWA-Archive/browse.html#liabilities"
"stock exchange",1,"http://localhost:4000/JRWA-Archive/browse.html#stock%20exchange"
"power generation",1,"http://localhost:4000/JRWA-Archive/browse.html#power%20generation"
"construction contract",1,"http://localhost:4000/JRWA-Archive/browse.html#construction%20contract"
"mine reactivation",1,"http://localhost:4000/JRWA-Archive/browse.html#mine%20reactivation"
"japanese investment",1,"http://localhost:4000/JRWA-Archive/browse.html#japanese%20investment"
"anthracite",1,"http://localhost:4000/JRWA-Archive/browse.html#anthracite"
"shipping",1,"http://localhost:4000/JRWA-Archive/browse.html#shipping"
"operating",1,"http://localhost:4000/JRWA-Archive/browse.html#operating"
"finance",1,"http://localhost:4000/JRWA-Archive/browse.html#finance"
"vancouver stock exchange",1,"http://localhost:4000/JRWA-Archive/browse.html#vancouver%20stock%20exchange"
"dison international",1,"http://localhost:4000/JRWA-Archive/browse.html#dison%20international"
"heavy metals",1,"http://localhost:4000/JRWA-Archive/browse.html#heavy%20metals"
"beach pollution",1,"http://localhost:4000/JRWA-Archive/browse.html#beach%20pollution"
"property acquisition",1,"http://localhost:4000/JRWA-Archive/browse.html#property%20acquisition"
"ore production",1,"http://localhost:4000/JRWA-Archive/browse.html#ore%20production"
"geology section",1,"http://localhost:4000/JRWA-Archive/browse.html#geology%20section"
"directors meeting",1,"http://localhost:4000/JRWA-Archive/browse.html#directors%20meeting"
"trial",1,"http://localhost:4000/JRWA-Archive/browse.html#trial"
"waste disposal",1,"http://localhost:4000/JRWA-Archive/browse.html#waste%20disposal"
"beach",1,"http://localhost:4000/JRWA-Archive/browse.html#beach"
"orebodies",1,"http://localhost:4000/JRWA-Archive/browse.html#orebodies"
"minig",1,"http://localhost:4000/JRWA-Archive/browse.html#minig"
"flooding",1,"http://localhost:4000/JRWA-Archive/browse.html#flooding"
"share price",1,"http://localhost:4000/JRWA-Archive/browse.html#share%20price"
"ore belt",1,"http://localhost:4000/JRWA-Archive/browse.html#ore%20belt"
"edward dobell",1,"http://localhost:4000/JRWA-Archive/browse.html#edward%20dobell"
"rosewood macdonald",1,"http://localhost:4000/JRWA-Archive/browse.html#rosewood%20macdonald"
"mine ownership",1,"http://localhost:4000/JRWA-Archive/browse.html#mine%20ownership"
